name,population_code,population_latitude,population_longitude,site_name,survey_date,maternal_number,comments
Elymus canadensis,5001,33.31234,-96.24657,Clymer Meadow Preserve,2013-07-22,100,
Elymus canadensis,5000,33.131234,-96.24657,Clymer Meadow Preserve,2013-07-22,100,
Bouteloua curtipendula,5988,40.5063916,-94.1051625,Dunn Ranch Prairie,2013-08-29,200,
Penstemon digitalis,3001,40.5026412,-94.1145756,Dunn Ranch Prairie,2013-08-29,100,
Salvia lyrata,6000,33.334,-81.699,Savannah River Site,2013-05-30,200,
Triodanis perfoliata,6001,33.31925,-81.69259,Savannah River Site,2013-05-31,200,
Salvia lyrata,6002,33.34762,-81.68002,Savannah River Site,2013-05-31,200,
Triodanis perfoliata,6003,33.22524,-81.74434,Savannah River Site,2013-06-01,110,
Salvia lyrata,6004,35.06073,-83.43056,Coweeta Hydrologic Laboratory,2013-06-04,125,
Salvia lyrata,6006,35.2327,-83.39126,Coweeta Hydrologic Laboratory,2013-06-05,100,
Triodanis perfoliata,6007,35.2327,-83.39126,Coweeta Hydrologic Laboratory,2013-06-05,100,
Triodanis perfoliata,6008,35.06911,-83.38448,Coweeta Hydrologic Laboratory,2013-06-05,52,
Triodanis perfoliata,6009,41.128,-73.7296,Louis Calder Biological Field Station,2013-06-27,96,
Triodanis perfoliata,6010,41.1277,-73.732,Louis Calder Biological Field Station,2013-06-27,43,
Impatiens capensis,6012,40.86221,-73.87851,Thain Family Forest at New York Botanical Gardens,2013-09-23,100,
Triodanis perfoliata,6014,40.86039,-73.87476,Thain Family Forest at New York Botanical Gardens,2013-07-10,100,
Salvia lyrata,6015,35.97886,-79.02242,Duke Forest,2013-07-15,69,
Triodanis perfoliata,6016,35.97857,-79.02239,Duke Forest,2013-07-15,58,
Salvia lyrata,6017,36.01012,-78.96449,Duke Forest,2013-07-16,56,
Salvia lyrata,6018,35.88605,-79.01772,Mason Farm Biological Reserve (Chapel Hill Botanical Garden),2013-07-18,89,
Penstemon laevigatus,6019,37.38588,-79.549,Claytor Nature Study Center run by Lynchburg College,2013-07-26,110,
Penstemon laevigatus,6020,35.88768,-79.01592,Mason Farm Biological Reserve (Chapel Hill Botanical Garden),2013-07-28,111,
Penstemon digitalis,6021,35.88768,-79.01592,Mason Farm Biological Reserve (Chapel Hill Botanical Garden),2013-07-28,110,
Penstemon australis,6022,33.30684,-81.61137,Savannah River Site,2013-07-29,110,
Penstemon australis,6023,33.35524,-81.68407,Savannah River Site,2013-07-29,100,
Asclepias syriaca,6024,43.94316,-71.70078,Hubbard Brook,2013-09-04,100,
Asclepias syriaca,6027,41.12906,-73.73016,Louis Calder Biological Field Station,2013-09-18,60,
Asclepias syriaca,6031,41.12706,-73.73095,Louis Calder Biological Field Station,2013-09-18,30,
Impatiens capensis,6028,42.50882,-72.18566,Harvard Forest,2013-09-14,30,
Impatiens capensis,6029,42.5008,-72.19907,Harvard Forest,2013-09-15,80,
Impatiens capensis,6030,43.945332,-71.711237,Hubbard Brook,2013-08-30,50,
Impatiens capensis,6032,37.92054,-79.0059,George Washington & Jefferson National Forest,2013-09-26,40,
Asclepias syriaca,6033,37.39177,-79.53765,Claytor Nature Study Center run by Lynchburg College,2013-09-26,20,
Chamaecrista fasciculata,6034,34.13949,-85.40644,Coosa Valley Prairies,2013-10-01,101,
Chamaecrista fasciculata,6035,33.31945,-81.69187,Savannah River Site,2013-10-03,100,
Chamaecrista fasciculata,6036,33.35527,-81.64693,Savannah River Site,2013-10-04,100,
Chamaecrista fasciculata,6037,35.88651,-79.0172,Mason Farm Biological Reserve (Chapel Hill Botanical Garden),2013-10-08,110,
Schizachyrium scoparium,6038,40.54551,-74.623,Duke Farms,2013-11-19,100,
Schizachyrium scoparium,6039,40.54875,-74.62917,Duke Farms,2013-10-19,100,
Sorghastrum nutans,6040,40.55183,-74.62647,Duke Farms,2013-10-19,100,
Sorghastrum nutans,6041,40.54757,-74.6246,Duke Farms,2013-10-19,100,
Andropogon gerardi,6042,40.55183,-74.62647,Duke Farms,2013-10-19,100,
Andropogon gerardi,6043,40.54757,-74.6246,Duke Farms,2013-10-19,100,
Andropogon gerardi,6044,33.19785,-81.60997,Savannah River Site,2013-11-08,100,
Schizachyrium scoparium,6045,33.19785,-81.60997,Savannah River Site,2013-11-08,100,
Sorghastrum nutans,6046,33.19229,-81.60538,Savannah River Site,2013-11-08,100,
Schizachyrium scoparium,6047,33.19067,-81.60788,Savannah River Site,2013-11-08,100,
Sorghastrum nutans,6048,33.34101,-81.69627,Savannah River Site,2013-11-08,100,
Sorghastrum nutans,6049,34.13599,-85.39583,Coosa Valley Prairies,2013-11-09,100,
Schizachyrium scoparium,6050,34.13599,-85.39583,Coosa Valley Prairies,2013-11-09,100,
Schizachyrium scoparium,6053,35.085,-83.61765,Buck Creek Serpentine Barrens,2013-11-12,89,
Penstemon digitalis,6025,41.12906,-73.73016,Louis Calder Biological Field Station,2013-08-27,48,
Penstemon laevigatus,6026,35.634526,-77.479731,West Research Campus: East Carolina University,2013-08-26,32,
Andropogon gerardi,6055,35.085,-83.61765,Buck Creek Serpentine Barrens,2013-11-13,95,
Schizachyrium scoparium,6056,36.021678,-78.979841,Duke Forest,2013-11-14,100,
Schizachyrium scoparium,6057,36.028691,-78.986263,Duke Forest,2013-11-13,74,
Sorghastrum nutans,6058,36.004068,-78.989415,Duke Forest,2013-11-14,62,
Andropogon gerardi,4021,44.25781,-100.33882,Ft. Pierre National Grassland,2013-09-25,200,
Andropogon gerardi,4023,44.19073,-100.81255,Ft. Pierre National Grassland,2013-09-26,200,
Echinacea pallida,4022,44.25755,-100.33961,Ft. Pierre National Grassland,2013-09-25,100,
Echinacea pallida,4024,44.1898,-100.40965,Ft. Pierre National Grassland,2013-09-26,116,
Penstemon digitalis,3000,40.5250842,-94.1259086,Dunn Ranch Prairie,2013-09-29,100,
Penstemon digitalis,3003,38.8653449,-92.3221482,Rock Bridge State Park,2013-08-30,100,
Penstemon digitalis,3002,38.865938,-92.3294558,Rock Bridge State Park,2013-08-30,100,
Linum sulcatum,3004,37.5243671,-94.5704707,Prairie State Park,2013-08-31,71,
Amorpha canescens,3005,37.5269159,-94.5697411,Prairie State Park,2013-08-31,100,
Linum sulcatum,3006,37.5081217,-94.532432,Prairie State Park,2013-08-31,200,
Penstemon digitalis,3007,37.9457241,-91.173374,Reis Biological Station,2013-09-01,100,
Helianthus mollis,3010,40.971922,-90.097423,Green Oaks Biological Field Station,2013-09-03,100,
Helianthus mollis,3009,40.97412941,-90.0878827,Green Oaks Biological Field Station,2013-09-03,100,
Impatiens capensis,3015,41.8409943,-88.2645572,Fermi National Accelerator Laboratory,2013-09-17,200,
Helianthus mollis,3016,41.3474648,-88.3093169,Goose Lake Prairie State Park,2013-09-18,49,
Helianthus mollis,3017,41.3607739,-88.3114881,Goose Lake Prairie State Park,2013-09-18,100,
Bouteloua curtipendula,3021,41.8745115,-89.3461368,Nachusa Grasslands,2013-09-19,100,
Echinacea pallida,3018,41.8889774,-89.3530334,Nachusa Grasslands,2013-09-19,200,
Amorpha canescens,3019,41.8889774,-89.3530334,Nachusa Grasslands,2013-09-19,100,Average of maternal plant used instead of seed/fruit.
Echinacea pallida,3024,40.874405,-89.3459096,Nachusa Grasslands,2013-09-20,200,
Amorpha canescens,5994,38.180514,-95.259569,Anderson County Prairie,2013-08-29,100,
Bouteloua curtipendula,3022,41.8968916,-89.3642512,Nachusa Grasslands,2013-09-20,100,
Amorpha canescens,3023,41.8968916,-89.3642512,Nachusa Grasslands,2013-09-20,100,Average maternal line was used instead of average seeds/fruit.
Penstemon digitalis,3025,41.8961864,-89.3523626,Nachusa Grasslands,2013-09-21,100,
Amorpha canescens,3027,40.3721442,-91.3921386,Alice L. Kibbe Life Science Research Station,2013-09-22,57,Average per maternal line was used instead of average seed/fruit
Amorpha canescens,3026,40.3695721,-91.4072398,Alice L. Kibbe Life Science Research Station,2013-09-22,100,Average per maternal line was used instead of average seed/fruit
Helianthus mollis,3029,37.5064888,-94.5268707,Prairie State Park,2013-09-23,100,
Helianthus mollis,3028,37.5258074,-94.5706311,Prairie State Park,2013-09-23,100,
Amorpha canescens,3031,43.9662837,-91.293709,Holland Sand Prairie,2013-09-25,100,Average per maternal line used instead of average seed/fruit
Bouteloua curtipendula,4003,38.180514,-95.259569,Anderson County Prairie,2013-08-29,200,
Echinacea pallida,3033,43.9695977,-91.2948173,Holland Sand Prairie,2013-09-25,174,
Asclepias syriaca,3032,43.9664308,-91.294632,Holland Sand Prairie,2013-09-25,200,
Amorpha canescens,4004,38.16978,-95.24857,Anderson County Prairie,2013-08-29,100,
Helianthus mollis,4034,38.18269,-95.26068,Anderson County Prairie,2013-10-16,100,
Chamaecrista fasciculata,3035,44.7898221,-92.9598355,Gray Cloud Dunes SNA,2013-09-26,200,
Chamaecrista fasciculata,3034,44.7989137,-92.9639575,Gray Cloud Dunes SNA,2013-09-26,159,
Impatiens capensis,3013,47.23935,-95.2092311,Itasca State Park,2013-10-02,112,
Schizachyrium scoparium,3051,43.966285,-91.2933537,Holland Sand Prairie,2013-10-14,100,
Andropogon gerardi,3052,43.966285,-91.2933537,Holland Sand Prairie,2013-10-14,200,
Andropogon gerardi,3054,41.8895845,-89.3525955,Nachusa Grasslands,2013-10-16,200,
Sorghastrum nutans,4025,39.10157,-96.61448,Konza Prairie,2013-10-14,100,
Sorghastrum nutans,3055,41.8895845,-89.3525955,Nachusa Grasslands,2013-10-16,100,
Andropogon gerardi,3053,41.870979,-89.344833,Nachusa Grasslands,2013-10-15,200,
Andropogon gerardi,4026,39.10157,-96.61448,Konza Prairie,2013-10-14,200,
Sorghastrum nutans,3056,41.870979,-89.344833,Nachusa Grasslands,2013-10-16,100,
Schizachyrium scoparium,4027,39.10157,-96.61448,Konza Prairie,2013-10-14,100,
Amorpha canescens,5997,39.09156,-96.54998,Konza Prairie,2013-08-31,99,
Echinacea pallida,4005,39.09961,-96.58717,Konza Prairie,2013-08-31,200,
Echinacea pallida,4006,39.10134,-96.61433,Konza Prairie,2013-08-31,200,
Echinacea pallida,5995,36.847737,-96.436608,Tallgrass Prairie Preserve,2013-08-28,200,
Bouteloua curtipendula,5996,36.847582,-96.436706,Tallgrass Prairie Preserve,2013-08-28,200,
Sorghastrum nutans,4028,39.09957,-96.58698,Konza Prairie,2013-10-15,100,
Bouteloua curtipendula,4002,36.85099,-96.42642,Tallgrass Prairie Preserve,2013-08-29,198,
Schizachyrium scoparium,4029,39.09957,-96.58698,Konza Prairie,2013-10-15,100,
Asclepias syriaca,3063,40.3348393,-95.1781775,Bilby Ranch Lake Conservation Area,2013-10-25,200,
Andropogon gerardi,4030,39.09957,-96.58698,Konza Prairie,2013-10-15,200,
Helianthus annuus,3061,40.3348393,-95.1781775,Bilby Ranch Lake Conservation Area,2013-10-24,200,
Helianthus annuus,4010,45.69833,-99.07676,"Samuel H. Ordway, Jr. Memorial Preserve",2013-09-23,148,
Helianthus annuus,3062,40.3704071,-95.1769547,Bilby Ranch Lake Conservation Area,2013-10-25,200,
Andropogon gerardi,3067,36.606939,-87.9569976,Land Between the Lakes National Recreation Area,2013-10-28,200,
Amorpha canescens,4011,45.71686,-99.1042,"Samuel H. Ordway, Jr. Memorial Preserve",2013-09-24,100,
Sorghastrum nutans,3074,36.606939,-87.9569976,Land Between the Lakes National Recreation Area,2013-10-28,100,
Chamaecrista fasciculata,4033,36.84456,-96.42782,Tallgrass Prairie Preserve,2013-10-16,50,
Andropogon gerardi,4012,45.71686,-99.1042,"Samuel H. Ordway, Jr. Memorial Preserve",2013-09-24,100,
Andropogon gerardi,3069,36.7838773,-88.0667528,Land Between the Lakes National Recreation Area,2013-10-29,200,
Schizachyrium scoparium,4013,45.71686,-99.1042,"Samuel H. Ordway, Jr. Memorial Preserve",2013-09-24,100,
Sorghastrum nutans,3068,36.7847634,-88.0673941,Land Between the Lakes National Recreation Area,2013-10-29,100,
Andropogon gerardi,4031,41.69171,-94.58662,Sheeder Prairie State Preserve,2013-10-13,135,
Echinacea pallida,4014,45.71686,-99.1042,"Samuel H. Ordway, Jr. Memorial Preserve",2013-09-24,100,
Andropogon gerardi,3070,37.9475819,-91.1761297,Reis Biological Station,2013-10-30,153,
Sorghastrum nutans,3071,40.368773,-91.400534,Alice L. Kibbe Life Science Research Station,2013-10-30,100,
Sorghastrum nutans,3072,40.3695721,-91.4072398,Alice L. Kibbe Life Science Research Station,2013-10-31,100,
Schizachyrium scoparium,3073,40.9734463,-90.0942698,Green Oaks Biological Field Station,2013-10-31,100,
Sorghastrum nutans,4032,41.69059,-94.58648,Sheeder Prairie State Preserve,2013-10-13,67,
Schizachyrium scoparium,4018,47.5344,-100.81174,John E. Williams Preserve,2013-09-22,100,
Echinacea pallida,4008,43.44671,-94.87082,Anderson Prairie State Preserve,2013-09-02,110,
Echinacea pallida,4019,47.53477,-100.81255,John E. Williams Preserve,2013-09-22,200,
Andropogon gerardi,4020,47.53477,-100.40862,John E. Williams Preserve,2013-09-22,100,
Amorpha canescens,4009,43.44152,-94.87372,Anderson Prairie State Preserve,2013-09-02,100,
Amorpha canescens,4015,47.19809,-96.1783,Frenchman's Bluff,2013-09-20,100,
Schizachyrium scoparium,4035,43.44455,-94.87069,Anderson Prairie State Preserve,2013-10-12,50,
Echinacea pallida,4016,47.19784,-96.17883,Frenchman's Bluff,2013-09-20,49,
Schizachyrium scoparium,4017,47.19724,-96.17713,Frenchman's Bluff,2013-09-21,100,
Amorpha canescens,5993,42.10771,-95.97366,Sylvan Runkel State Preserve,2013-09-01,100,
Andropogon gerardi,4040,46.40389,-91.64452,Douglas County Pine Barrens,2013-10-24,200,
Echinacea pallida,4007,42.10771,-95.97366,Sylvan Runkel State Preserve,2013-09-01,100,
Penstemon digitalis,3020,41.8811829,-89.3548216,Nachusa Grasslands,2013-09-19,100,
Rumex hastatulus,6060,35.72059,-77.57545,Otter Creek,2014-05-20,100,
Geranium carolinianum,6065,35.72059,-77.57545,Otter Creek,2014-05-31,100,
Salvia lyrata,6061,36.001265,-78.961593,Duke Forest,2014-05-30,100,
Salvia lyrata,6062,36.0247,-78.996058,Duke Forest,2014-05-30,100,
Geranium carolinianum,6063,36.0247,-78.996038,Duke Forest,2014-05-30,100,
Triodanis perfoliata,6064,37.38731,-79.53914,Claytor Nature Study Center run by Lynchburg College,2014-06-05,100,
Geranium carolinianum,6066,37.38732,-79.53913,Claytor Nature Study Center run by Lynchburg College,2014-06-05,100,
Salvia lyrata,6067,37.38731,-79.53914,Claytor Nature Study Center run by Lynchburg College,2014-06-04,49,
Salvia lyrata,6068,39.06359,-78.0642,Blandy Experimental Farm,2014-06-05,104,
Geranium maculatum,6069,41.1853399,-73.6222839,Mianus River Gorge,2014-06-18,53,
Geranium carolinianum,6100,32.22237,-81.73563,Savannah River Site,2014-06-03,100,
Rumex hastatulus,6101,33.31137,-81.70782,Savannah River Site,2014-06-03,100,
Melilotus officinalis,6076,40.54502,-74.62237,Duke Farms,2014-07-02,57,
Rumex crispus,6075,40.54502,-74.62238,Duke Farms,2014-07-02,65,
Geranium maculatum,6070,40.2133,-78.919,Raystown Field Station,2014-06-19,52,
Geranium maculatum,6072,41.4018,-73.5355,Vassar Ecological Preserve,2014-06-20,112,
Rumex crispus,6074,40.5491,-74.62193,Duke Farms,2014-07-02,83,
Triodanis perfoliata,6080,35.72071,-77.5158,Otter Creek,2014-05-20,100,
Triodanis perfoliata,6080,35.72071,-77.5158,Otter Creek,2014-05-20,100,
Impatiens pallida,6081,39.06118,-78.07784,Blandy Experimental Farm,2014-06-17,110,
Melilotus officinalis,6082,39.20039,-78.12956,Red Bud Run,2014-06-17,50,
Raphanus sativus,6102,33.34838,-81.82996,Savannah River Site,2014-06-03,100,
Rumex hastatulus,6108,43.33753,-70.55233,Wells National Estuarine Research Reserve,2014-08-08,100,
Dactylis glomerata,6109,43.33766,-70.55295,Wells National Estuarine Research Reserve,2014-08-08,70,
Rumex hastatulus,6110,43.94392,-71.70091,Hubbard Brook,2014-08-09,100,
Rumex hastatulus,6111,43.93642,-71.68352,Hubbard Brook,2014-08-09,100,
Rumex hastatulus,6112,42.4482,-72.67925,Ada and Archibald Macleish Field Station,2014-08-10,100,
Rumex crispus,6113,42.44814,-72.67938,Ada and Archibald Macleish Field Station,2014-08-10,100,
Dactylis glomerata,6114,42.44814,-72.67938,Ada and Archibald Macleish Field Station,2014-08-10,100,
Bromus tectorum,154,37.33192,-107.90416,San Juan National Forest,2014-06-27,100,
Bromus tectorum,93,37.56865,-109.58711,San Juan County,2014-06-14,100,
Bromus tectorum,151,37.45181,-107.68031,San Juan National Forest,2014-06-27,76,
Bromus tectorum,149,37.30467,-107.48619,San Juan National Forest,2014-06-26,51,
Bromus tectorum,148,37.32099,-107.48268,San Juan National Forest,2014-06-26,76,
Bromus tectorum,128,40.67504,-104.41075,Pawnee National Grassland,2014-06-21,100,
Bromus tectorum,127,40.65021,-104.38299,Pawnee National Grassland,2014-06-21,100,
Bromus tectorum,123,40.64387,-104.34013,Pawnee National Grassland,2014-06-20,100,
Bromus tectorum,110,40.04465,-111.48029,Uinta National Forest,2014-06-16,100,
Bromus tectorum,108,40.07167,-111.43804,Uinta National Forest,2014-06-16,100,
Bromus tectorum,91,37.68745,-109.44943,Recapture Resevoir,2014-06-14,100,
Melilotus officinalis,89,34.83386,-109.81839,Petrified Forest National Park,2014-06-28,100,
Mimulus guttatus,70,36.318567,-117.525,Death Valley National Park,2014-06-09,89,
Stipa pulchra,19,34.70199,-120.05434,Sedgwick Reserve,2013-04-28,83,
Bromus tectorum,135,37.78857,-107.12614,Rio Grande National Forest,2014-06-24,10,
Clarkia unguiculata,367,35.51935,-118.65966,Democrat campground,2014-08-20,55,
Clarkia unguiculata,369,39.00443,-120.92724,Auburn State Rec Area,2014-08-31,76,
Clarkia unguiculata,368,39.68256,-121.39094,Plumas National Forest,2014-08-31,56,
Mimulus guttatus,337,40.35101,-121.51891,Lassen National Forest,2014-08-29,31,
Mimulus guttatus,34,40.14166,-121.26956,Lassen National Forest,2014-08-29,24,
Clarkia unguiculata,365,35.53266,-118.62877,Old Kern Canyon Road,2014-08-20,84,
Clarkia unguiculata,362,38.93301,-121.01162,Auburn State Rec Area,2014-08-15,150,
Clarkia unguiculata,360,37.59151,-120.13056,Merced River Crossing at 49,2014-08-15,71,
Tradescantia ohiensis,4093,40.498,-94.1043,Dunn Ranch Prairie,2014-07-15,100,
Tradescantia ohiensis,4037,40.49792,-94.09839,Dunn Ranch Prairie,2014-07-15,100,
Tradescantia ohiensis,4038,41.32707,-85.52946,Merry Lea Environmental Learning Center,2014-07-17,100,
Tradescantia ohiensis,4039,41.32135,-85.53234,Merry Lea Environmental Learning Center,2014-07-17,100,
Salvia lyrata,6079,35.06035,-83.43024,Coweeta Hydrologic Laboratory,2014-07-24,100,
Dactylis glomerata,4042,41.32409,-85.50744,Merry Lea Environmental Learning Center,2014-07-17,100,
Tradescantia ohiensis,4043,41.88869,-89.33251,Nachusa Grasslands,2014-07-19,100,
Dactylis glomerata,4044,41.92218,-89.3445,Nachusa Grasslands,2014-07-19,100,
Tradescantia ohiensis,4045,41.86578,-89.36946,Nachusa Grasslands,2014-07-19,100,
Echinacea pallida,4080,41.6892,-94.58641,Sheeder Prairie State Preserve,2014-09-19,100,
Ratibida pinnata,4081,41.6892,-94.58641,Sheeder Prairie State Preserve,2014-09-19,100,
Chamaecrista fasciculata,4082,41.69065,-94.58641,Sheeder Prairie State Preserve,2014-09-19,151,
Dactylis glomerata,4041,41.32088,-85.53254,Merry Lea Environmental Learning Center,2014-07-17,54,
Amorpha canescens,4083,43.39582,-95.2486,Cayler Prairie State Preserve,2014-09-20,100,
Sorghastrum nutans,4084,43.39582,-95.2486,Cayler Prairie State Preserve,2014-09-20,100,
Ratibida pinnata,4085,43.39582,-95.2486,Cayler Prairie State Preserve,2014-09-20,100,
Schizachyrium scoparium,4086,43.39582,-95.2486,Cayler Prairie State Preserve,2014-09-20,100,
Eryngium yuccifolium,4087,43.43897,-94.86086,Anderson Prairie State Preserve,2014-09-21,100,
Echinacea pallida,4088,47.35068,-100.27631,Davis Ranch,2014-10-05,200,
Dalea purpurea,4089,47.35068,-100.27631,Davis Ranch,2014-10-05,100,
Ratibida columnifera,4090,47.35048,-100.27596,Davis Ranch,2014-10-05,100,
Dalea purpurea,4091,47.21293,-101.00642,Cross Ranch Preserve,2014-10-06,100,
Asclepias syriaca,4092,47.22292,-101.01174,Cross Ranch Preserve,2014-10-06,50,
Melilotus officinalis,4062,42.85715,-103.58369,Oglala National Grassland,2014-08-13,100,
Bromus inermis,4063,42.85723,-103.58356,Oglala National Grassland,2014-08-13,100,
Bouteloua curtipendula,4064,42.85715,-103.58369,Oglala National Grassland,2014-08-13,200,
Melilotus officinalis,4067,43.28589,-103.06143,Buffalo Gap National Grassland,2014-08-14,100,
Bromus inermis,4068,43.05842,-90.88438,Adiantum Woods State Natural Area,2014-08-28,100,
Dactylis glomerata,4069,43.05779,-90.88289,Adiantum Woods State Natural Area,2014-08-28,100,
Impatiens pallida,4073,42.68394,-89.48398,Abraham's Woods State Natural Area,2014-08-31,100,
Impatiens pallida,4070,41.84688,-88.26025,Fermi National Accelerator Laboratory,2014-08-29,81,
Impatiens pallida,4074,42.68544,-89.48163,Abraham's Woods State Natural Area,2014-08-31,67,
Brassica nigra,6085,41.31167,-74.00718,Bear Mountain State Park,2014-07-16,40,
Bouteloua curtipendula,4050,35.60627,-99.64521,Black Kettle National Grassland,2014-08-06,200,
Bouteloua curtipendula,4051,35.6327,-99.87585,Black Kettle National Grassland,2014-08-06,200,
Bouteloua curtipendula,4052,33.68525,-103.39033,Milnesand Prairie Preserve,2014-08-08,120,
Bouteloua curtipendula,4053,33.6027,-103.35718,Milnesand Prairie Preserve,2014-08-08,89,
Helianthus petiolaris,4055,37.14183,-101.80133,Cimarron National Grassland,2014-08-09,200,
Impatiens capensis,4071,41.84665,-88.26081,Fermi National Accelerator Laboratory,2014-08-29,70,
Helianthus petiolaris,4054,37.12506,-101.86069,Cimarron National Grassland,2014-08-09,200,
Rumex crispus,6090,39.94057,-74.7466,Bishop Farmstead,2014-07-26,63,
Rumex crispus,6086,36.02731,-78.99506,Duke Forest,2014-07-23,100,
Panicum virgatum,6078,35.089201,-79.01601,Mason Farm Biological Reserve (Chapel Hill Botanical Garden),2014-07-23,28,
Dactylis glomerata,6087,37.38555,-79.53995,Claytor Nature Study Center run by Lynchburg College,2014-07-25,100,
Bromus inermis,6088,39.06196,-78.06997,Blandy Experimental Farm,2014-07-25,110,
Bromus inermis,6091,41.67379,-73.89697,Vassar Ecological Preserve,2014-07-29,100,
Penstemon digitalis,6092,40.5501,-74.62548,Duke Farms,2014-08-23,100,
Andropogon virginicus,6125,35.883056,-79.018056,Mason Farm Biological Reserve (Chapel Hill Botanical Garden),2014-11-30,105,
Andropogon virginicus,6124,35.891944,-79.015833,Mason Farm Biological Reserve (Chapel Hill Botanical Garden),2014-11-30,54,
Apocynum androsaemifolium,6123,39.941786,-74.744906,Bishop Farmstead,2014-11-16,100,
Echinacea purpurea,6122,39.067325,-78.058286,Blandy Experimental Farm,2014-11-15,100,
Hypericum perforatum,6121,43.33847,-70.55125,Wells National Estuarine Research Reserve,2014-10-26,100,
Stipa pulchra,27,37.38903,-121.7487,Blue Oak Ranch Reserve,2013-05-06,83,
Bromus tectorum,133,39.24136,-105.26553,Pike National Forest,2014-06-22,54,
Bromus tectorum,100,39.56764,-111.68631,Maple Canyon Campground,2014-06-15,100,
Bromus tectorum,102,39.35116,-112.29659,Fish Lake National Forest,2014-06-15,100,
Bromus tectorum,88,34.81487,-109.86491,Petrified Forest National Park,2014-06-12,71,
Brassica nigra,3078,40.3354164,-95.1437021,Bilby Ranch Lake Conservation Area,2014-06-05,200,
Asclepias syriaca,6093,41.663891,-73.90176,Vassar Ecological Preserve,2014-09-27,60,
Rudbeckia hirta,6094,40.5473,-74.62195,Duke Farms,2014-10-11,56,
Helianthus petiolaris,6095,40.5439,-74.62598,Duke Farms,2014-10-11,22,
Apocynum androsaemifolium,6096,41.12793,-73.73138,Louis Calder Biological Field Station,2014-10-11,26,
Schizachyrium scoparium,6097,43.9359,-71.68433,Hubbard Brook,2014-10-25,95,
Rudbeckia hirta,6098,43.93634,-71.68425,Hubbard Brook,2014-10-25,65,
Schizachyrium scoparium,6099,43.33847,-70.55125,Wells National Estuarine Research Reserve,2014-10-26,100,
Dactylis glomerata,6103,42.53142,-72.18929,Harvard Forest,2014-07-05,100,
Dactylis glomerata,6104,42.72337,-73.22401,Hopkins Memorial Forest,2014-07-06,100,
Dactylis glomerata,6105,42.72566,-73.22653,Hopkins Memorial Forest,2014-07-06,100,
Triodanis perfoliata,3080,36.5672119,-93.0962824,Bull Shoals Field Station,2014-06-07,67,
Rumex crispus,6107,37.39087,-79.53807,Claytor Nature Study Center run by Lynchburg College,2014-07-19,100,
Rudbeckia hirta,6115,39.057566,-78.058953,Blandy Experimental Farm,2014-11-15,42,
Sorghastrum nutans,6116,39.063611,-78.063056,Blandy Experimental Farm,2014-11-15,100,
Panicum virgatum,6117,39.063611,-78.063056,Blandy Experimental Farm,2014-11-15,100,
Andropogon gerardi,6118,39.063611,-78.063056,Blandy Experimental Farm,2014-11-15,100,
Andropogon virginicus,6119,39.067325,-78.058286,Blandy Experimental Farm,2014-11-15,100,
Rudbeckia hirta,6120,43.34202,-70.55061,Wells National Estuarine Research Reserve,2014-10-26,98,
Brassica rapa,3090,40.4986513,-94.0989388,Dunn Ranch Prairie,2014-06-27,200,
Brassica rapa,3077,40.5009488,-94.1061484,Dunn Ranch Prairie,2014-06-04,200,
Salvia lyrata,3081,36.5718551,-93.0573072,Bull Shoals Field Station,2014-06-07,71,
Impatiens pallida,3082,36.5234775,-93.0891371,Bull Shoals Field Station,2014-06-07,38,
Dalea candida,3097,44.7900185,-92.9551823,Gray Cloud Dunes SNA,2014-08-10,57,
Dalea purpurea,3100,40.5239272,-94.1234102,Dunn Ranch Prairie,2014-08-12,100,
Rudbeckia hirta,3099,40.517874,-94.1420891,Dunn Ranch Prairie,2014-08-12,100,
Dalea purpurea,3098,40.5199456,-94.1389202,Dunn Ranch Prairie,2014-08-12,100,
Melilotus officinalis,3101,40.5006461,-94.1059988,Dunn Ranch Prairie,2014-08-12,100,
Rudbeckia hirta,3105,40.4908159,-94.0951919,Dunn Ranch Prairie,2014-08-13,100,
Dactylis glomerata,3104,40.4867693,-94.096112,Dunn Ranch Prairie,2014-08-13,100,
Dactylis glomerata,3103,40.4768912,-94.0966878,Dunn Ranch Prairie,2014-08-13,100,
Melilotus officinalis,3102,40.4858341,-94.1064697,Dunn Ranch Prairie,2014-08-13,100,
Rudbeckia hirta,3115,36.5721608,-93.0895288,Bull Shoals Field Station,2014-08-17,100,
Ratibida pinnata,3114,36.566497,-93.0975785,Bull Shoals Field Station,2014-08-17,100,
Dalea purpurea,3113,36.566497,-93.0975785,Bull Shoals Field Station,2014-08-17,100,
Rudbeckia hirta,3112,36.5743366,-93.0594649,Bull Shoals Field Station,2014-08-17,100,
Dalea purpurea,3111,36.5743366,-93.0594649,Bull Shoals Field Station,2014-08-17,59,
Impatiens capensis,3127,47.2117843,-95.1777655,Itasca State Park,2014-09-02,23,
Impatiens capensis,3128,47.2396632,-95.2076408,Itasca State Park,2014-09-02,200,
Bromus inermis,3141,41.8814169,-89.3424923,Nachusa Grasslands,2014-09-18,100,
Ratibida pinnata,3142,41.8814169,-89.3424923,Nachusa Grasslands,2014-09-18,100,
Eryngium yuccifolium,3140,41.8831536,-89.3563525,Nachusa Grasslands,2014-09-18,100,
Ratibida pinnata,3139,41.8890768,-89.3522166,Nachusa Grasslands,2014-09-18,100,
Dalea purpurea,3138,41.8887682,-89.3528324,Nachusa Grasslands,2014-09-18,100,
Bromus inermis,3146,41.8855379,-89.3223957,Nachusa Grasslands,2014-09-19,100,
Dalea candida,3145,41.8674615,-89.3582239,Nachusa Grasslands,2014-09-19,100,
Dalea candida,3144,41.8820807,-89.3475821,Nachusa Grasslands,2014-09-19,100,
Dalea purpurea,3143,41.8802583,-89.3429046,Nachusa Grasslands,2014-09-19,100,
Dactylis glomerata,3147,41.8953571,-89.3600164,Nachusa Grasslands,2014-09-20,100,
Asclepias syriaca,3153,41.3243609,-85.5308276,Merry Lea Environmental Learning Center,2014-09-22,101,
Bromus inermis,3154,41.3290098,-85.5286293,Merry Lea Environmental Learning Center,2014-09-22,100,
Ratibida pinnata,3155,41.3290098,-85.5286293,Merry Lea Environmental Learning Center,2014-09-22,100,
Penstemon digitalis,3156,41.3230193,-85.5033491,Merry Lea Environmental Learning Center,2014-09-22,100,
Ratibida pinnata,3157,41.3195494,-85.5051635,Merry Lea Environmental Learning Center,2014-09-22,100,
Eryngium yuccifolium,3161,40.9710684,-90.0975648,Green Oaks Biological Field Station,2014-09-24,100,
Apocynum cannabinum,3162,40.9717067,-90.0956663,Green Oaks Biological Field Station,2014-09-24,100,
Helianthus mollis,3168,36.8561249,-96.4224601,Tallgrass Prairie Preserve,2014-09-27,100,
Dalea purpurea,3169,36.8468779,-96.4361452,Tallgrass Prairie Preserve,2014-09-28,100,
Dalea purpurea,3170,36.8296753,-96.4466613,Tallgrass Prairie Preserve,2014-09-28,100,
Eryngium yuccifolium,3171,37.5232398,-94.5645844,Prairie State Park,2014-09-29,100,
Amorpha canescens,3172,39.0995197,-96.6098734,Konza Prairie,2014-09-30,100,
Geranium maculatum,6073,41.376944,-75.3,Lacawac Preservation,2014-06-27,129,
Chamaecrista fasciculata,3174,40.5260909,-94.1195183,Dunn Ranch Prairie,2014-10-01,200,
Chamaecrista fasciculata,3175,40.5288527,-94.1242558,Dunn Ranch Prairie,2014-10-01,200,
Ambrosia artemisiifolia,3176,40.5290117,-94.121691,Dunn Ranch Prairie,2014-10-01,100,
Ratibida pinnata,3179,40.5178105,-94.142855,Dunn Ranch Prairie,2014-10-02,100,
Echinacea purpurea,3180,40.5189487,-94.1372729,Dunn Ranch Prairie,2014-10-02,100,
Ratibida pinnata,3181,40.5189487,-94.1372729,Dunn Ranch Prairie,2014-10-02,100,
Ambrosia artemisiifolia,3183,40.4988178,-94.099436,Dunn Ranch Prairie,2014-10-02,100,
Echinacea purpurea,3178,40.5178105,-94.142855,Dunn Ranch Prairie,2014-10-02,100,
Eryngium yuccifolium,3177,40.5178105,-94.142855,Dunn Ranch Prairie,2014-10-02,100,
Eryngium yuccifolium,3182,40.5006151,-94.1036598,Dunn Ranch Prairie,2014-10-02,100,
Eryngium yuccifolium,3184,41.8675836,-89.3577943,Nachusa Grasslands,2014-10-21,100,
Asclepias syriaca,3185,41.8855413,-89.3221714,Nachusa Grasslands,2014-10-21,200,
Asclepias syriaca,3186,41.8910404,-89.3430175,Nachusa Grasslands,2014-10-21,127,
Ambrosia artemisiifolia,3190,36.8444343,-96.4321234,Tallgrass Prairie Preserve,2014-10-25,100,
Eryngium yuccifolium,3191,41.6903707,-94.586404,Sheeder Prairie State Preserve,2014-10-26,100,
Brassica nigra,17,33.57584,-117.81613,Crystal Cove State Park,2013-05-17,320,
Brassica nigra,18,33.58654,-117.80724,Crystal Cove State Park,2014-06-18,200,
Bromus diandrus,175,33.587252,-117.807111,Crystal Cove State Park,2014-05-27,200,
Bromus diandrus,176,33.575502,-117.816263,Crystal Cove State Park,2014-06-05,200,
Helianthus annuus,174,34.70581,-118.82263,Hungry Valley State Vehicular Area,2014-10-23,200,
Bouteloua curtipendula,5002,33.31127,-96.2479,Clymer Meadow Preserve,2013-07-23,200,
Helianthus annuus,5012,36.71093,-99.20953,Selman Living Laboratory,2013-11-02,163,
Bouteloua curtipendula,5003,29.67345,-98.36774,Cibolo Bluffs Preserve,2013-07-31,200,
Echinacea pallida,5007,33.78895,-93.81631,Columbus Prairie Preserve,2013-10-04,200,
Echinacea pallida,5008,33.78904,-93.81674,Columbus Prairie Preserve,2013-10-05,200,
Chamaecrista fasciculata,5009,31.91161,-95.87819,Gus Engeling Wildlife Management Area,2013-10-25,60,
Helianthus annuus,5011,36.70925,-99.24944,Selman Living Laboratory,2013-11-02,100,
Bouteloua curtipendula,5006,36.6867,-99.2819,Selman Living Laboratory,2013-09-07,100,
Sorghastrum nutans,5013,29.25608,-95.60242,Nash Prairie Preserve,2013-11-09,200,
Helianthus annuus,4036,38.416225,-96.556157,Tallgrass Prairie National Preserve,2013-11-01,200,
Bouteloua curtipendula,5005,36.6862,-99.2817,Selman Living Laboratory,2013-09-07,200,
Helianthus annuus,173,34.81192,-118.66094,Antelope Valley,2001-10-23,82,
Dactylis glomerata,172,45.3986,-122.14611,Big Sandy Dam Rd,2014-09-12,124,
Mimulus guttatus,46,44.34507,-119.72385,Ochoco National Forest,2014-09-11,118,
Rumex crispus,171,44.34358,-119.72994,Ochoco National Forest,2014-09-11,79,
Bromus inermis,170,44.4035,-119.87151,Ochoco National Forest,2014-09-11,55,
Rumex crispus,169,44.44445,-120.56339,Ochoco National Forest,2014-09-11,18,
Bromus inermis,168,44.43954,-120.58076,Ochoco National Forest,2014-09-10,129,
Mimulus guttatus,43,44.52774,-121.6304,Deschutes National Forest,2014-09-10,40,
Hypericum perforatum,42,42.68741,-122.04511,"Fort Klamath, OR",2014-09-09,95,
Mimulus guttatus,40,42.66839,-122.05618,"Fort Klamath, OR",2014-09-09,39,
Mimulus guttatus,39,42.70035,-121.99592,"Fort Klamath, OR",2014-09-09,49,
Mimulus guttatus,41,42.68741,-122.04511,"Fort Klamath, OR",2014-09-09,57,
Stipa pulchra,305,37.904453,-122.604653,Mount Tamalpais State Park,2014-06-04,210,
Dactylis glomerata,350,40.34464,-121.6104,Lassen National Forest,2014-07-20,100,
Stipa pulchra,301,38.5652,-122.68801,Pepperwood Preserve,2014-06-01,200,
Eschscholzia californica,56,36.38361,-121.54075,Hastings Natural History Reservation,2014-06-09,100,
Eschscholzia californica,302,38.5674,-122.68965,Pepperwood Preserve,2014-05-30,150,
Stipa pulchra,306,37.882011,-122.625485,Mount Tamalpais State Park,2014-05-11,188,
Chamaecrista fasciculata,5010,33.87998,-96.79954,University of Oklahoma Biological Station,2013-10-26,200,
Rudbeckia hirta,5031,30.76428,-84.0899,Tall Timbers Research Station,2014-08-18,100,
Rudbeckia hirta,5032,30.76764,-84.08804,Tall Timbers Research Station,2014-08-18,100,
Triodanis perfoliata,3084,36.2425231,-93.1375545,Baker Prairie,2014-06-08,200,
Melilotus officinalis,4065,42.91741,-103.51191,Oglala National Grassland,2014-08-13,100,
Bouteloua curtipendula,4066,42.91948,-103.4898,Oglala National Grassland,2014-08-14,200,
Ratibida pinnata,4072,40.97179,-90.09714,Green Oaks Biological Field Station,2014-08-30,58,
Triodanis perfoliata,3085,36.245219,-93.133608,Baker Prairie,2014-06-08,69,
Triodanis biflora,3192,36.245219,-93.133608,Baker Prairie,2014-06-08,75,
Helianthus mollis,3109,36.2418891,-93.1355563,Baker Prairie,2014-08-16,100,
Echinacea pallida,3108,36.2417114,-93.1370564,Baker Prairie,2014-08-16,200,
Penstemon digitalis,3107,36.2415653,-93.1347476,Baker Prairie,2014-08-16,100,
Salvia lyrata,3086,36.245219,-93.133608,Baker Prairie,2014-06-08,31,
Linum sulcatum,3106,36.2415653,-93.1347476,Baker Prairie,2014-08-16,200,
Dalea candida,3110,36.2436993,-93.1326802,Baker Prairie,2014-08-16,100,
Apocynum cannabinum,3163,36.2443009,-93.1314899,Baker Prairie,2014-09-25,100,
Eryngium yuccifolium,3164,36.244317,-93.1316237,Baker Prairie,2014-09-25,100,
Eschscholzia californica,309,38.82328,-122.33696,McLaughlin Reserve,2014-06-14,120,
Brassica nigra,28,38.82903,-122.34321,McLaughlin Reserve,2014-07-12,150,
Stipa pulchra,311,38.8264,-122.34915,McLaughlin Reserve,2014-05-18,100,
Bromus diandrus,312,38.82719,-122.34867,McLaughlin Reserve,2014-06-15,100,
Eschscholzia californica,314,38.86001,-122.41746,McLaughlin Reserve,2014-06-15,120,
Bromus diandrus,315,38.87136,-122.42601,McLaughlin Reserve,2014-06-15,90,
Dactylis glomerata,316,38.87048,-122.42372,McLaughlin Reserve,2014-07-12,100,
Dactylis glomerata,318,39.03147,-123.0808,Hopland Research and Extension Center,2014-07-11,100,
Bromus tectorum,349,40.14656,-121.23457,Lassen National Forest,2014-07-19,100,
Dactylis glomerata,347,39.9692,-121.02971,Plumas National Forest,2014-07-19,100,
Rumex crispus,346,39.11888,-122.90108,Rodman Slough Preserve,2014-07-15,200,
Rumex crispus,345,39.12506,-122.89771,Rodman Slough Preserve,2014-07-15,180,
Dactylis glomerata,344,38.83084,-122.36182,McLaughlin Reserve,2014-07-12,100,
Bromus diandrus,343,39.03069,-123.07959,Hopland Research and Extension Center,2014-07-11,110,
Rumex crispus,333,38.27169,-121.82273,Jepson Prairie National Reserve,2014-06-13,150,
Stipa pulchra,330,36.3889,-121.54903,Hastings Natural History Reservation,2014-06-09,150,
Bromus diandrus,329,38.99196,-123.06908,Hopland Research and Extension Center,2014-06-07,90,
Rumex crispus,328,38.99238,-123.06867,Hopland Research and Extension Center,2014-07-11,110,
Bromus diandrus,326,37.88182,-122.62611,Mount Tamalpais State Park,2014-06-04,100,
Eschscholzia californica,303,38.57116,-122.69353,Pepperwood Preserve,2014-06-06,172,
Melilotus officinalis,113,40.56765,-106.88599,Routt National Forest,2014-08-11,72,
Dactylis glomerata,142,37.4923,-107.21905,San Juan National Forest,2014-08-15,100,
Bromus inermis,141,37.4923,-107.21905,San Juan National Forest,2014-08-15,132,
Rumex crispus,145,37.49174,-107.22182,San Juan National Forest,2014-08-15,87,
Rumex crispus,144,37.53151,-107.25071,San Juan National Forest,2014-08-15,54,
Dactylis glomerata,143,37.53464,-107.21633,San Juan National Forest,2014-08-15,98,
Melilotus officinalis,147,37.25717,-107.46515,San Juan National Forest,2014-08-15,50,
Bromus inermis,150,37.40616,-107.66106,San Juan National Forest,2014-08-15,100,
Helianthus petiolaris,95,38.26952,-110.65961,"Highway 95, Utah",2014-08-08,44,
Helianthus petiolaris,96,38.36436,-110.70201,"Hanksville, UT",2014-08-08,65,
Melilotus officinalis,90,37.66839,-109.43871,Recapture Resevoir,2014-08-08,100,
Bromus inermis,161,37.87413,-109.43382,Manti La Sal National Forest,2014-08-09,79,
Mimulus guttatus,101,39.55594,-111.68613,Maple Canyon Campground,2014-08-09,27,
Dactylis glomerata,103,39.9628,-111.69153,Maple Bench Campground Uinta NF,2014-08-09,100,
Bromus inermis,162,39.9628,-111.69153,Maple Bench Campground Uinta NF,2014-08-09,100,
Dactylis glomerata,104,39.95684,-111.69202,Maple Lake CG-Uinta NF,2014-08-10,116,
Rumex crispus,163,40.04447,-111.48009,Uinta National Forest,2014-08-10,74,
Bromus inermis,111,40.04447,-111.48009,Uinta National Forest,2014-08-10,88,
Bromus inermis,140,37.43017,-107.19457,San Juan National Forest,2014-08-15,122,
Mimulus guttatus,136,37.78941,-107.17456,Rio Grande National Forest,2014-08-13,35,
Hypericum perforatum,44,44.41927,-121.75558,Deschutes National Forest,2014-09-29,80,
Hypericum perforatum,45,44.42049,-121.79026,Deschutes National Forest,2014-09-29,171,
Hypericum perforatum,50,45.80216,-118.02957,Umatilla National Forest,2014-09-30,50,
Hypericum perforatum,51,45.70882,-117.99341,Umatilla National Forest,2014-09-30,50,
Hypericum perforatum,52,44.8923,-121.88344,Mt. Hood National Forest,2014-09-29,124,
Eschscholzia californica,1,34.7111,-120.05848,Sedgwick Reserve,2013-05-22,82,
Stipa pulchra,15,33.518,-117.27591,Santa Rosa Plateau Ecological Reserve,2013-05-16,117,
Stipa pulchra,16,33.52108,-117.26962,Santa Rosa Plateau Ecological Reserve,2013-05-16,203,
Stipa pulchra,22,36.38147,-121.54675,Hastings Natural History Reservation,2013-05-03,148,
Eschscholzia californica,14,33.51408,-117.28439,Santa Rosa Plateau Ecological Reserve,2013-05-24,76,
Clarkia unguiculata,332,37.2015,-121.54433,Henry W. Coe State Park,2014-08-14,75,
Mimulus guttatus,32,38.86174,-122.40553,McLaughlin Reserve,2014-06-15,135,
Mimulus guttatus,313,38.86081,-122.43185,McLaughlin Reserve,2014-06-15,100,
Stipa pulchra,317,39.02822,-123.06495,Hopland Research and Extension Center,2014-05-20,198,
Raphanus sativus,320,38.39516,-123.09365,Sonoma Coast State Beach,2014-08-06,70,
Brassica rapa,321,38.40763,-123.09795,Sonoma Coast State Beach,2014-06-30,119,
Stipa pulchra,327,39.01918,-123.09844,Hopland Research and Extension Center,2014-06-07,197,
Mimulus guttatus,324,38.56708,-122.68834,Pepperwood Preserve,2014-05-30,135,
Mimulus guttatus,325,38.57546,-122.70081,Pepperwood Preserve,2014-06-06,50,
Clarkia unguiculata,331,37.18393,-121.5294,Henry W. Coe State Park,2014-08-14,89,
Clarkia unguiculata,352,37.42233,-119.70551,Worman Road,2014-08-16,119,
Raphanus sativus,68,34.42204,-119.89439,Ellwood Mesa Open Space,2014-07-25,50,
Raphanus sativus,87,33.03168,-117.23955,San Elijo Lagoon Conservancy,2014-07-27,97,
Hypericum perforatum,38,42.39365,-122.31982,Rogue River National Forest,2014-09-09,104,
Bromus inermis,115,40.57875,-106.87879,Routt National Forest,2014-08-11,168,
Yucca brevifolia,8,34.00975,-116.30564,Joshua Tree National Park,2013-07-25,100,
Larrea tridentata,12,33.84693,-115.72116,Joshua Tree National Park,2013-06-28,50,
Larrea tridentata,10,34.07129,-116.033,Joshua Tree National Park,2013-06-27,75,
Yucca brevifolia,11,34.00958,-116.02309,Joshua Tree National Park,2013-06-26,50,
Yucca brevifolia,9,34.05142,-116.23959,Joshua Tree National Park,2013-06-26,99,
Yucca brevifolia,7,34.07959,-116.3569,Joshua Tree National Park,2013-06-25,100,
Eschscholzia californica,21,36.68741,-121.78171,Fort Ord Natural Reserve,2013-05-31,171,
Eschscholzia californica,13,33.51759,-117.28708,Santa Rosa Plateau Ecological Reserve,2013-05-24,93,
Brassica nigra,23,34.45914,-119.76446,San Marcos Foothills Reserve,2013-06-06,205,
Brassica nigra,26,34.46239,-119.76286,San Marcos Foothills Reserve,2013-06-06,191,
Eschscholzia californica,25,37.06428,-121.44431,Henry W. Coe State Park,2013-06-14,111,
Eschscholzia californica,24,37.18414,-121.53406,Henry W. Coe State Park,2013-06-13,103,
Brassica nigra,20,34.42136,-119.82777,Goleta Slough Ecological Reserve,2014-06-04,150,
Brassica rapa,36,42.38152,-121.81148,Hagelstein Park,2013-08-02,200,
Bromus inermis,167,37.33197,-107.90408,San Juan National Forest,2014-08-14,102,
Bromus inermis,165,40.05132,-106.16636,"Highway 40, Colorado",2014-08-11,50,
Bromus inermis,138,37.82839,-106.90515,Rio Grande National Forest,2014-08-13,100,
Bromus inermis,139,37.61929,-106.68197,Rio Grande National Forest,2014-08-13,100,
Bromus inermis,166,39.06241,-105.09721,Pike National Forest,2014-08-12,200,
Bromus inermis,132,39.24125,-105.26514,Pike National Forest,2014-08-12,100,
Bromus inermis,130,39.37922,-105.09995,Pike National Forest,2014-08-12,100,
Dactylis glomerata,122,40.01398,-105.30962,Boulder Canyon Trail,2014-08-12,93,
Bromus inermis,121,39.96096,-105.39548,Roosevelt National Forest,2014-08-12,100,
Bromus inermis,118,39.959,-105.44802,Roosevelt National Forest,2014-08-12,100,
Bromus inermis,109,40.07177,-111.43858,Uinta National Forest,2014-08-10,100,
Bromus inermis,164,40.73965,-106.85956,Routt National Forest,2014-08-11,100,
Bromus inermis,112,40.56678,-106.88668,Routt National Forest,2014-08-11,150,
Andropogon ternarius,3189,36.2417923,-93.136172,Baker Prairie,2014-10-24,100,
Eryngium yuccifolium,3165,36.2417494,-93.1363258,Baker Prairie,2014-09-26,100,
Schizachyrium scoparium,3166,36.2417494,-93.1363258,Baker Prairie,2014-09-26,100,
Andropogon virginicus,3167,36.2417494,-93.1363258,Baker Prairie,2014-09-26,200,
Dactylis glomerata,6077,41.12956,-73.73016,Louis Calder Biological Field Station,2014-07-16,128,
Impatiens capensis,6013,40.86034,-73.87688,Thain Family Forest at New York Botanical Gardens,2014-07-30,24,
Bouteloua curtipendula,5989,40.477538,-94.114951,Dunn Ranch Prairie,2013-08-29,200,
Echinacea pallida,3066,36.2449127,-93.1324535,Baker Prairie,2013-10-27,200,
Schizachyrium scoparium,3065,36.2449127,-93.1324535,Baker Prairie,2013-10-26,100,
Amorpha canescens,3011,41.8688567,-86.3420924,Fernwood Nature Center,2013-09-04,100,
Impatiens capensis,3012,42.1578406,-86.3791421,Sarrett Nature Center,2013-09-04,200,
Andropogon gerardi,3030,48.359314,-93.67112208,Koochiching State Forest,2013-10-10,200,
Andropogon gerardi,3014,48.188589,-93.766616,Koochiching State Forest,2013-10-09,200,
Asclepias syriaca,3038,42.1512598,-86.3692543,Sarrett Nature Center,2013-09-30,200,
Impatiens capensis,3037,42.4481742,-85.5515661,Sarrett Nature Center,2013-10-01,85,
Asclepias syriaca,3039,42.1521243,-86.3790519,Sarrett Nature Center,2013-10-01,200,
Triodanis perfoliata,6138,39.19829,-78.12514,Red Bud Run,2014-06-12,59,
Triodanis perfoliata,6139,35.06173,-83.43262,Coweeta Hydrologic Laboratory,2015-06-13,100,
Dactylis glomerata,6140,41.37688,-75.30029,Lacawac Preservation,2015-06-25,100,
Schizachyrium scoparium,3036,43.4565979,-85.7214978,Newyago Prairie,2013-08-27,206,
Triodanis perfoliata,6141,41.12834,-73.148,Louis Calder Biological Field Station,2015-06-25,28,
Rumex crispus,6142,40.54552,-74.62469,Duke Farms,2015-06-29,58,
Asclepias syriaca,3041,42.299735,-83.6637269,Ann Arbor Botanical Garden,2013-10-05,229,
Rumex hastatulus,6143,40.63907,-76.01836,Hawk Mountain Sactuary,2015-07-08,101,
Melilotus officinalis,6144,40.637941,-76.018693,Hawk Mountain Sactuary,2015-07-08,39,
Melilotus officinalis,6145,39.199953,-78.129662,Red Bud Run,2015-07-09,100,
Brassica nigra,6146,41.311705,-74.007132,Bear Mountain State Park,2015-07-30,12,
Geranium maculatum,3079,39.6559492,-94.2166429,Wallace State Park,2014-06-06,100,
Triodanis perfoliata,3087,38.6194917,-90.7134807,Dr. Edmund A. Babler Memorial State Park,2014-06-09,200,
Melilotus officinalis,3116,37.830079,-90.2476249,Hawn State Park,2014-08-18,72,
Rudbeckia hirta,3118,37.830079,-90.2476249,Hawn State Park,2014-08-18,100,
Dactylis glomerata,3117,37.830079,-90.2476249,Hawn State Park,2014-08-18,100,
Dactylis glomerata,3120,37.8331587,-90.2273216,Hawn State Park,2014-08-19,59,
Rudbeckia hirta,3119,37.8321754,-90.2364772,Hawn State Park,2014-08-18,100,
Sorghastrum nutans,4500,44.0243833,-93.0357667,Hythecker Prairie Scientific and Natural Area,2014-09-28,97,
Rumex crispus,4101,44.29735,-82.3785017,East Tennessee State University,2014-07-22,,
Rumex obtusifolius,4102,35.6215819,-86.18774414,Steele Creek Park,2014-07-22,,
Geranium maculatum,4100,36.5588833,-82.24853333,Steele Creek Park,2014-06-05,,
Impatiens capensis,4103,36.5588833,-82.24853333,Steele Creek Park,2014-09-07,,
Impatiens capensis,4104,36.5725333,-82.221,Steele Creek Park,2014-09-09,,
Aquilegia coerulea,401,40.556162,-105.817219,Roosevelt National Forest,2015-08-13,19,
Aquilegia coerulea,405,39.713722,-105.863333,Arapaho NF,2015-08-20,92,
Hypericum perforatum,6147,43.9432,-71.69952,Hubbard Brook,2015-08-15,37,
Hypericum perforatum,6148,41.37688,-75.29358,Lacawac Preservation,2015-08-18,100,
Hypericum perforatum,6150,41.129546,-73.72983,Louis Calder Biological Field Station,2015-08-28,60,
Penstemon digitalis,6151,40.54572,-74.63486,Duke Farms,2015-09-10,100,
Rudbeckia hirta,6149,41.66472,-73.89964,Vassar Ecological Preserve,2015-08-25,22,
Rudbeckia hirta,6152,40.54546,-74.62299,Duke Farms,2015-09-10,100,
Schizachyrium scoparium,6153,41.16473,-73.62482,Mianus River Gorge,2015-09-11,100,
Hypericum perforatum,6154,42.7257,-73.22746,Hopkins Memorial Forest,2015-09-17,35,
Andropogon virginicus,6155,41.126646,-73.731806,Louis Calder Biological Field Station,2015-10-10,60,
Aquilegia coerulea,406,39.716889,-105.868361,Arapaho NF,2015-08-20,41,
Tradescantia ohiensis,3206,43.9663294,-91.2937307,Holland Sand Prairie,2015-07-10,100,
Tradescantia ohiensis,3202,36.2437069,-93.1336753,Baker Prairie,2015-06-12,100,
Tradescantia ohiensis,3201,36.2416871,-93.1365666,Baker Prairie,2015-06-12,100,
Salvia lyrata,3200,37.8295385,-90.2312784,Hawn State Park,2015-06-11,100,
Aquilegia coerulea,416,37.516521,-108.155586,San Juan National Forest,2015-08-19,17,
Aquilegia coerulea,420,39.463639,-105.233778,Pike National Forest,2015-08-08,29,
Clarkia unguiculata,351,35.6908,-118.73186,Granite Road,2014-08-16,48,
Clarkia unguiculata,366,35.53365,-118.64712,China Gardens,2014-08-20,40,
Apocynum androsaemifolium,336,40.36573,-121.63391,Lassen National Forest,2014-08-29,23,
Mimulus guttatus,335,40.42836,-121.62666,Lassen National Forest,2014-08-29,68,
Clarkia unguiculata,359,35.08704,-120.06906,Sierra Madre River Crossing,2014-08-12,30,
Clarkia unguiculata,358,37.36466,-119.62553,Buckeye Road,2014-08-16,70,
Clarkia unguiculata,356,36.08013,-121.27303,Fort Hunter Liggett Military Reservation,2014-08-13,20,
Clarkia unguiculata,355,38.58986,-120.83833,Sand Ridge Road,2014-08-15,74,
Helianthus annuus,35,42.39375,-122.31976,Oregon Institute of Technology,2014-09-09,43,
Clarkia unguiculata,366,35.53365,-118.64712,China Gardens,2014-08-20,51,
Clarkia unguiculata,356,36.08013,-121.27303,Fort Hunter Liggett Military Reservation,2014-08-13,100,
Clarkia unguiculata,357,36.06857,-121.3252,Fort Hunter Liggett Military Reservation,2014-08-13,71,
Clarkia unguiculata,359,35.08704,-120.06906,Sierra Madre River Crossing,2014-08-12,170,
Rumex crispus,238,37.01394,-122.03408,Graham Hill Rd.,2015-08-21,100,
Raphanus sativus,211,37.87405,-122.32316,Cesar Chavez Park,2015-06-22,62,
Brassica nigra,236,36.02476,-121.17593,Fort Hunter Liggett Military Reservation,2015-06-11,100,
Rumex crispus,232,36.95686,-122.10227,Wilder Ranch State Park,2015-07-29,100,
Brassica rapa,229,36.96652,-122.12267,Wilder Ranch State Park,2015-07-30,100,
Eschscholzia californica,201,34.40874,-119.87894,Coal Oil Point Natural Reserve,2015-05-13,41,
Rumex crispus,204,36.00508,-121.17937,Fort Hunter Liggett Military Reservation,2015-06-01,100,
Rumex crispus,206,36.96173,-122.07851,Wilder Ranch State Park,2015-06-17,42,
Eschscholzia californica,205,36.00555,-121.24464,Fort Hunter Liggett Military Reservation,2015-06-11,30,
Brassica nigra,237,35.27258,-120.88992,Montana de Oro State Park,2015-08-20,100,
Stipa pulchra,57,36.38515,-121.54026,Hastings Natural History Reservation,2014-05-15,39,
Bromus diandrus,75,36.3848,-121.55521,Hastings Natural History Reservation,2014-05-15,100,
Bromus diandrus,73,36.38042,-121.54338,Hastings Natural History Reservation,2014-05-15,100,
Stipa pulchra,72,34.5047,-120.22337,Gaviota Peak,2014-05-09,107,
Bromus diandrus,71,34.50017,-120.22251,Gaviota Peak,2014-05-20,148,
Raphanus sativus,160,34.42166,-119.8852,Ellwood Mesa Open Space,2014-07-03,58,
Brassica rapa,69,34.42089,-119.88838,Ellwood Mesa Open Space,2014-06-11,43,
Rumex crispus,159,34.42166,-119.8852,Ellwood Mesa Open Space,2014-06-11,46,
Yucca brevifolia,84,34.86548,-118.61988,Tejon Ranch,2014-07-22,30,
Clarkia unguiculata,76,36.37677,-121.55103,Hastings Natural History Reservation,2014-07-19,92,
Clarkia unguiculata,74,36.38377,-121.54931,Hastings Natural History Reservation,2014-07-19,72,
Eschscholzia californica,63,34.73917,-118.38638,Antelope Valley Poppy Preserve,2014-05-23,50,
Eschscholzia californica,62,34.73149,-118.40105,Antelope Valley Poppy Preserve,2014-05-23,52,
Bromus diandrus,66,34.42088,-119.88601,Ellwood Mesa Open Space,2014-06-06,100,
Brassica nigra,67,34.42204,-119.89391,Ellwood Mesa Open Space,2014-06-06,100,
Stipa pulchra,65,34.42088,-119.88601,Ellwood Mesa Open Space,2014-05-28,50,
Bromus diandrus,85,32.92967,-116.98483,Goodan Ranch/Sycamore Canyon Preserve,2014-05-29,50,
Bromus diandrus,86,33.03172,-117.24026,San Elijo Lagoon Conservancy,2014-05-30,100,
Bromus tectorum,82,34.92831,-118.55798,Tejon Ranch,2014-05-23,100,
Bromus tectorum,77,34.90403,-118.61664,Tejon Ranch,2014-05-23,100,
Bromus diandrus,81,34.93371,-118.56715,Tejon Ranch,2014-05-23,100,
Bromus diandrus,83,34.94496,-118.54963,Tejon Ranch,2014-05-22,100,
Brassica nigra,28,38.82903,-122.34321,McLaughlin Reserve,2013-06-19,25,
Ratibida pinnata,4521,40.47915,-94.07925,Dunn Ranch Prairie,2015-11-23,100,
Andropogon ternarius,4530,36.71235,-99.25879,Selman Living Laboratory,2015-11-22,100,
Chamaecrista fasciculata,4529,36.84467,-96.42428,Tallgrass Prairie Preserve,2015-11-22,,
Sorghastrum nutans,4528,36.84467,-96.42428,Tallgrass Prairie Preserve,2015-11-22,100,
Schizachyrium scoparium,4527,36.84523,-94.41989,Tallgrass Prairie Preserve,2015-11-22,100,
Andropogon ternarius,4526,36.84523,-96.41989,Tallgrass Prairie Preserve,2015-11-22,100,
Panicum virgatum,4525,36.84523,-96.41989,Tallgrass Prairie Preserve,2015-11-22,100,
Sorghastrum nutans,4524,36.84523,-96.41989,Tallgrass Prairie Preserve,2015-11-22,100,
Ambrosia artemisiifolia,4523,33.78781,-93.81295,Columbus Prairie Preserve,2015-11-19,100,
Panicum virgatum,4522,40.47915,-94.07925,Dunn Ranch Prairie,2015-11-17,100,
Ratibida pinnata,4521,40.47915,-94.07925,Dunn Ranch Prairie,2015-11-17,100,
Ratibida pinnata,4520,42.98907,-93.889,Ledges State Park,2015-11-12,100,
Bouteloua gracilis,4504,41.78545,-104.79287,Ty Roadside,2015-10-25,200,
Helianthus annuus,4503,41.78,-104.79,Ty Roadside,2015-10-25,200,
Bromus tectorum,4502,42.54553,-105.93447,Boxelder Roadside,2015-10-25,100,
Helianthus annuus,4501,42.83,-106.02,Glenrock Roadside,2015-10-24,200,
Bouteloua gracilis,4505,40.69548,-105.28542,Roosevelt National Forest,2015-10-26,200,
Ratibida columnifera,4506,40.66782,-104.48613,Pawnee National Grassland,2015-10-27,100,
Ratibida columnifera,4507,40.63253,-103.89678,Pawnee National Grassland,2015-10-27,100,
Ratibida columnifera,4508,40.8003,-104.0548,Pawnee National Grassland,2015-10-27,100,
Ratibida columnifera,4509,36.55201,-105.12914,Cimmaron Canyon State Park,2015-10-28,100,
Ratibida columnifera,4510,35.64809,-105.68126,Santa Fe National Forest,2015-10-30,100,
Helianthus petiolaris,4511,35.64714,-105.68105,Santa Fe National Forest,2015-10-30,73,
Bouteloua curtipendula,4512,34.91203,-111.7281,Coconino National Forest,2015-10-31,200,
Bouteloua curtipendula,4513,34.80788,-111.76859,Coconino National Forest,2015-10-31,200,
Helianthus annuus,4514,35.07161,-111.73132,Coconino National Forest,2015-11-01,200,
Asclepias verticillata,4515,35.21746,-111.63215,Buffalo Park,2015-11-02,200,
Dalea candida,4518,42.78242,-100.03621,Niobrara Valley Preserve,2015-11-04,100,
Dalea candida,4517,42.78332,-100.03467,Niobrara Valley Preserve,2015-11-04,100,
Sorghastrum nutans,4516,42.71927,-99.58802,Niobrara Valley Preserve,2015-11-04,100,
Schizachyrium scoparium,4901,30.5374667,-103.8364167,Chihuahuan Desert Research Institute,2015-10-02,100,
Bromus inermis,3148,41.8662104,-86.3407248,Fernwood Nature Center,2014-09-21,100,
Geranium maculatum,3203,45.3939374,-92.6679045,Interstate State Park,2015-06-15,100,
Geranium maculatum,3204,45.977575,-92.6616537,Interstate State Park,2015-06-15,100,
Bouteloua gracilis,3510,41.1613713,-105.3741516,Vedauwoo Glen,2015-08-16,200,
Tradescantia ohiensis,3207,44.337248,-89.6449578,Buena Vista Quarry Prairie,2015-07-22,100,
Bromus inermis,3208,44.337248,-89.6449578,Buena Vista Quarry Prairie,2015-07-22,100,
Eryngium yuccifolium,3149,41.8689264,-86.3431028,Fernwood Nature Center,2014-09-21,100,
Dalea candida,3150,41.8689264,-86.3431028,Fernwood Nature Center,2014-09-21,100,
Panicum virgatum,3151,41.8689264,-86.3431028,Fernwood Nature Center,2014-09-21,100,
Melilotus albus,4145,47.198,-96.18,Frenchman's Bluff,2015-09-04,100,
Dalea candida,4146,47.198,-96.18,Frenchman's Bluff,2015-09-04,100,
Bouteloua curtipendula,4147,46.846,-96.476,Bluestem Prairie SNA,2015-09-04,100,
Dalea purpurea,4148,46.846,-96.476,Bluestem Prairie SNA,2015-09-04,100,
Schizachyrium scoparium,4149,46.855,-96.472,Bluestem Prairie SNA,2015-09-04,100,
Bouteloua curtipendula,4150,46.855,-96.472,Bluestem Prairie SNA,2015-09-04,167,
Sorghastrum nutans,4151,46.846,-96.476,Bluestem Prairie SNA,2015-09-05,100,
Asclepias syriaca,4152,46.847,-96.476,Bluestem Prairie SNA,2015-09-05,7,
Ratibida columnifera,4153,47.53,-100.812,John E. Williams Preserve,2015-09-05,84,
Andropogon gerardi,4154,47.53,-100.811,John E. Williams Preserve,2015-09-05,200,
Helianthus annuus,4155,45.92,-101.39,Highway 12 South Dakota,2015-09-06,71,
Asclepias syriaca,4156,45.911,-101.1,Highway 12 and Keldon St. South Dakota,2015-09-06,,
Amorpha canescens,4157,45.721,-99.098,"Samuel H. Ordway, Jr. Memorial Preserve",2015-09-07,48,
Dalea purpurea,4158,45.721,-99.098,"Samuel H. Ordway, Jr. Memorial Preserve",2015-09-07,100,
Echinacea pallida,4159,45.721,-99.098,"Samuel H. Ordway, Jr. Memorial Preserve",2015-09-07,200,
Dalea purpurea,4160,45.718,-99.099,"Samuel H. Ordway, Jr. Memorial Preserve",2015-09-07,100,
Schizachyrium scoparium,4161,45.718,-99.099,"Samuel H. Ordway, Jr. Memorial Preserve",2015-09-07,100,
Andropogon gerardi,4162,45.718,-99.099,"Samuel H. Ordway, Jr. Memorial Preserve",2015-09-07,200,
Andropogon gerardi,4162,45.718,-99.099,"Samuel H. Ordway, Jr. Memorial Preserve",2015-09-07,200,
Dalea purpurea,4163,44.034,-96.783,Sioux Prairie,2015-09-08,52,
Amorpha canescens,4164,44.03,-96.78,Sioux Prairie,2015-09-08,100,
Schizachyrium scoparium,4165,44.02,-96.78,Sioux Prairie,2015-09-08,100,
Amorpha canescens,4166,44.02,-96.78,Sioux Prairie,2015-09-08,100,
Chamaecrista fasciculata,4167,44.79,-92.96,Gray Cloud Dunes SNA,2015-09-09,150,
Dalea purpurea,4168,44.78,-92.95,Gray Cloud Dunes SNA,2015-09-09,22,
Chamaecrista fasciculata,4169,44.78,-92.95,Gray Cloud Dunes SNA,2015-09-09,48,
Dalea purpurea,4243,44.24986,-91.9433,Kellogg Weaver Dunes SNA,2015-11-15,51,
Dalea purpurea,4243,44.24986,-91.9433,Kellogg Weaver Dunes SNA,2015-11-07,51,
Ratibida pinnata,4244,43.944,-91.403,Great River Bluffs State Park,2015-11-07,100,
Rudbeckia hirta,4245,43.944,-91.4039,Great River Bluffs State Park,2015-11-07,100,
Ratibida pinnata,4246,43.937,-91.419,Great River Bluffs State Park,2015-11-09,100,
Asclepias syriaca,4247,43.964,-91.292,Holland Sand Prairie,2015-11-09,112,
Asclepias verticillata,4248,43.964,-91.296,Holland Sand Prairie,2015-11-09,115,
Panicum virgatum,4249,41.868,-86.343,Fernwood Nature Center,2015-11-10,100,
Rudbeckia hirta,4250,42.281,-83.715,Ann Arbor Botanical Garden,2015-11-11,100,
Rudbeckia hirta,4251,42.28,-83.72,Ann Arbor Botanical Garden,2015-11-11,70,
Ratibida pinnata,4252,40.805,-82.996,Unger Park,2015-11-12,100,
Ratibida pinnata,4253,39.988,-83.26,Prairie Oaks Metro Park,2015-11-12,100,
Apocynum androsaemifolium,4254,39.387,-83.259,Prairie Oaks Metro Park,2015-11-12,100,
Asclepias syriaca,4255,35.892,-79.85,Merritt's Pasture,2015-11-15,200,
Apocynum cannabinum,4256,35.114,-81.008,McDowell Nature Preserve,2015-11-16,100,
Andropogon ternarius,4257,35.107,-81.014,McDowell Nature Preserve,2015-11-16,100,
Ambrosia artemisiifolia,4259,35.109,-81.014,McDowell Nature Preserve,2015-11-16,153,
Andropogon ternarius,4260,34.54,-80.232,Carolina Sands National Wildlife Refuge,2015-11-17,100,
Rudbeckia hirta,4261,34.539,-80.231,Carolina Sands National Wildlife Refuge,2015-11-17,100,
Andropogon ternarius,4262,34.522,-80.226,Carolina Sands National Wildlife Refuge,2015-11-17,100,
Chamaecrista fasciculata,4263,29.95,-82.769,Ichetucknee Springs State Park,2015-11-20,100,
Chamaecrista fasciculata,4264,29.957,-82.758,Ichetucknee Springs State Park,2015-11-20,200,
Chamaecrista fasciculata,4265,29.972,-82.768,Ichetucknee Springs State Park,2015-11-21,200,
Rudbeckia hirta,4266,29.978,-82.768,Ichetucknee Springs State Park,2015-11-21,70,
Andropogon ternarius,4267,29.978,-82.768,Ichetucknee Springs State Park,2015-11-21,100,
Schizachyrium scoparium,4268,29.978,-82.768,Ichetucknee Springs State Park,2015-11-21,100,
Ambrosia artemisiifolia,4269,29.605,-82.301,Paynes Prairie Preserve State Park,2015-11-23,200,
Ambrosia artemisiifolia,4270,29.607,-82.3,Paynes Prairie Preserve State Park,2015-11-24,200,
Andropogon ternarius,4271,27.58,-81.05,Kissimmee Priarie Preserve State Park,2015-11-25,100,
Andropogon ternarius,4272,27.588,-81.129,Kissimmee Priarie Preserve State Park,2015-11-25,100,
Schizachyrium scoparium,4273,27.5408,-81.148,Kissimmee Priarie Preserve State Park,2015-11-25,100,
Rudbeckia hirta,4274,29.955,-82.769,Ichetucknee Springs State Park,2015-11-27,94,
Schizachyrium scoparium,4275,29.955,-82.769,Ichetucknee Springs State Park,2015-11-27,100,
Schizachyrium scoparium,4276,33.107,-83.673,Piedmont National Wildlife Refuge,2015-11-28,100,
Schizachyrium scoparium,4277,33.111,-83.657,Piedmont National Wildlife Refuge,2015-11-28,100,
Andropogon ternarius,4278,36.03,-78.96,Radio Tower University of North Carolina,2015-12-01,100,
Andropogon virginicus,4279,36,-85.04,Exxon and I40,2015-12-02,200,
Sorghastrum nutans,4280,36.784,-88.066,Land Between the Lakes National Recreation Area,2015-12-02,100,
Andropogon virginicus,4281,36.78,-88.066,Land Between the Lakes National Recreation Area,2015-12-02,200,
Ratibida pinnata,4223,44.19,-93.58,Linneaus Arboretum,2015-10-20,100,
Rudbeckia hirta,4224,44.322,-93.981,Linneaus Arboretum,2015-10-20,100,
Panicum virgatum,4225,44.19,-93.58,Linneaus Arboretum,2015-10-20,100,
Bouteloua gracilis,4226,44.322,-93.982,Linneaus Arboretum,2015-10-20,200,
Amorpha canescens,4227,44.26,-94.001,Kasota Prairie,2015-10-20,200,
Panicum virgatum,4228,44.26,-94.001,Kasota Prairie,2015-10-20,100,
Rudbeckia hirta,4229,43.316,-91.797,Bakers Prairie,2015-10-21,100,
Helianthus mollis,4230,43.31,-91.79,Bakers Prairie,2015-10-21,100,
Ratibida pinnata,4231,43.315,-91.811,Luther College Cross Country Trail,2015-10-21,100,
Ratibida pinnata,4232,43.44,-94.872,Anderson Prairie State Preserve,2015-10-22,100,
Dalea candida,4233,43.439,-94.57,Anderson Prairie State Preserve,2015-10-22,100,
Ambrosia artemisiifolia,4234,44.03,-96.784,Sioux Prairie,2015-10-22,69,
Andropogon gerardi,4235,44.03,-96.784,Sioux Prairie,2015-10-22,200,
Asclepias syriaca,4236,44.036,-96.783,Sioux Prairie,2015-10-22,200,
Ambrosia artemisiifolia,4237,45.719,-99.09,"Samuel H. Ordway, Jr. Memorial Preserve",2015-10-23,75,
Rudbeckia hirta,4238,46.359,-97.324,Sheyenne National Grassland,2015-10-24,100,
Sorghastrum nutans,4239,46.839,-96.484,Bluestem Prairie SNA,2015-10-23,100,
Helianthus mollis,4240,46.839,-96.484,Bluestem Prairie SNA,2015-10-24,100,
Apocynum cannabinum,4241,46.839,-96.48,Bluestem Prairie SNA,2015-10-24,69,
Asclepias syriaca,4222,46.728,-92.048,Park Point,2015-10-15,,
Asclepias verticillata,4221,41.89,-89.34,Nachusa Grasslands,2015-10-13,200,
Asclepias syriaca,4220,41.89,-89.34,Nachusa Grasslands,2015-10-13,103,
Amorpha canescens,4219,41.88,-89.35,Nachusa Grasslands,2015-10-13,100,
Ratibida pinnata,4218,41.88,-89.34,Nachusa Grasslands,2015-10-13,100,
Ambrosia artemisiifolia,4217,40.99,-87.55,Iroquois County State Conservation Area,2015-10-12,200,
Aquilegia coerulea,414,37.93452,-107.137402,Rio Grande National Forest,2015-08-19,16,
Andropogon virginicus,4216,40.99,-87.58,Iroquois County State Conservation Area,2015-10-12,200,
Panicum virgatum,4215,40.99,-87.57,Iroquois County State Conservation Area,2015-10-12,100,
Ambrosia artemisiifolia,4214,40.15,-89.85,Revis Hill Prairie Preserve,2015-10-12,200,
Chamaecrista fasciculata,4213,38.15,-90.18,Fults Hill Prairie Preserve,2015-10-11,100,
Andropogon ternarius,4212,36.24,-93.13,Baker Prairie,2015-10-10,100,
Helianthus mollis,4211,36.24,-93.13,Baker Prairie,2015-10-10,100,
Sorghastrum nutans,4210,36.24,-93.13,Baker Prairie,2015-10-10,100,
Chamaecrista fasciculata,4209,37.52,-94.578,Prairie State Park,2015-10-09,81,
Panicum virgatum,4208,37.52,-94.579,Prairie State Park,2015-10-09,100,
Andropogon virginicus,4207,37.519,-94.577,Prairie State Park,2015-10-09,100,
Andropogon gerardi,4206,37.507,-94.531,Prairie State Park,2015-10-09,200,
Amorpha canescens,4205,38.43,-96.57,Tallgrass Prairie National Preserve,2015-10-08,100,
Helianthus annuus,4204,39.25,-96.58,Konza Prairie Biological Station,2015-10-07,200,
Panicum virgatum,4203,39.1,-96.61,Konza Prairie Biological Station,2015-10-07,100,
Amorpha canescens,4202,39.1,-96.61,Konza Prairie Biological Station,2015-10-07,100,
Chamaecrista fasciculata,4201,39.1,-96.661,Konza Prairie Biological Station,2015-10-07,200,
Panicum virgatum,4200,39.1,-96.6,Konza Prairie Biological Station,2015-10-07,100,
Dalea purpurea,4199,40.69,-96.84,Spring Creek Prairie Audubon Center,2015-10-06,100,
Helianthus annuus,4198,40.84,-96.86,Pawnee State Park,2015-10-06,200,
Helianthus annuus,4197,40.88,-96.86,Pawnee State Park,2015-10-06,131,
Eryngium yuccifolium,4196,41.99,-93.87,Ledges State Park,2015-10-05,100,
Chamaecrista fasciculata,4195,41.99,-93.87,Ledges State Park,2015-10-05,200,
Bouteloua curtipendula,4194,41.99,-93.87,Ledges State Park,2015-10-05,200,
Bouteloua curtipendula,4193,43.39,-95.24,Cayler Prairie State Preserve,2015-10-03,200,
Schizachyrium scoparium,4184,47.51,-96.29,Agassiz Dunes SNA,2015-10-02,100,
Ambrosia artemisiifolia,4185,47.51,-96.29,Agassiz Dunes SNA,2015-10-02,200,
Ambrosia artemisiifolia,4186,47.19,-96.17,Frenchman's Bluff,2015-10-02,200,
Asclepias syriaca,4190,44.79,-92.96,Gray Cloud Dunes SNA,2015-10-03,118,
Melilotus officinalis,4189,47.19,-96.17,Frenchman's Bluff,2015-10-02,100,
Asclepias verticillata,4192,44.79,-92.96,Gray Cloud Dunes SNA,2015-10-03,200,
Asclepias syriaca,4170,43.96,-91.29,Holland Sand Prairie,2015-09-21,63,
Dalea candida,4171,43.96,-91.29,Holland Sand Prairie,2015-09-21,100,
Andropogon gerardi,4172,44.78,-92.95,Gray Cloud Dunes SNA,2015-09-21,100,
Helianthus petiolaris,4173,44.24,-91.94,Kellogg Weaver Dunes SNA,2015-09-21,30,
Asclepias verticillata,4174,44.24,-91.94,Kellogg Weaver Dunes SNA,2015-09-21,75,
Asclepias verticillata,4175,43.96,-91.299,Holland Sand Prairie,2015-09-22,103,
Rudbeckia hirta,4176,43.96,-91.299,Holland Sand Prairie,2015-09-22,100,
Rudbeckia hirta,4177,43.96,-91.29,Holland Sand Prairie,2015-09-22,48,
Rudbeckia hirta,4178,41.88,-89.34,Nachusa Grasslands,2015-09-23,35,
Ambrosia artemisiifolia,4179,41.88,-89.34,Nachusa Grasslands,2015-09-23,72,
Ratibida pinnata,4232,43.44,-94.872,Anderson Prairie State Preserve,2015-10-22,100,
Ratibida pinnata,4180,41.88,-89.34,Nachusa Grasslands,2015-09-23,100,
Rudbeckia hirta,4181,41.88,-89.39,Nachusa Grasslands,2015-09-23,100,
Apocynum cannabinum,4182,41.84,-88.266,Fermi National Accelerator Laboratory,2015-09-23,63,
Chamaecrista fasciculata,4183,41.04,-87.45,Kankakee Sands,2015-09-24,200,
Dalea candida,4144,47.513,-96.29,Agassiz Dunes SNA,2015-09-04,100,
Ratibida pinnata,3187,38.8924502,-91.7286703,Prairie Fork Conservation Area,2014-10-23,100,
Ratibida pinnata,3188,38.9035119,-91.7427988,Prairie Fork Conservation Area,2014-10-23,100,
Impatiens capensis,3173,39.6563286,-94.2136335,Wallace State Park,2014-09-30,93,
Penstemon digitalis,3158,41.0775892,-87.6608843,Kankakee Sands,2014-09-23,100,
Panicum virgatum,3159,41.0775892,-87.6608843,Kankakee Sands,2014-09-23,100,
Chamaecrista fasciculata,3160,41.0760164,-87.6397051,Kankakee Sands,2014-09-23,200,
Ratibida pinnata,3152,41.8689264,-96.3431028,Fernwood Nature Center,2014-09-21,100,
Brassica rapa,3129,47.1053822,-91.6709543,Two Harbors Area- Reeves Rd.,2014-09-04,200,
Melilotus officinalis,3130,46.7040284,-92.2996879,Duluth area (including I-35),2014-09-11,100,
Melilotus officinalis,3131,46.6968971,-92.3630239,Duluth area (including I-35),2014-09-11,100,
Melilotus officinalis,3135,43.9696423,-91.4087088,Great River Bluffs State Park,2014-09-16,100,
Amorpha canescens,3132,43.938176,-91.3931684,Great River Bluffs State Park,2014-09-15,81,
Dactylis glomerata,3133,43.9392375,-91.4083416,Great River Bluffs State Park,2014-09-16,100,
Bromus inermis,3134,43.9392375,-91.4083416,Great River Bluffs State Park,2014-09-16,100,
Ratibida pinnata,3136,43.957473,-91.409424,Great River Bluffs State Park,2014-09-16,100,
Melilotus officinalis,3137,43.9449441,-91.3959264,Great River Bluffs State Park,2014-09-17,100,
Impatiens capensis,3125,41.1732551,-81.6459846,University of Akron Field Station,2014-08-20,149,
Impatiens pallida,3121,41.179798,-81.6381558,University of Akron Field Station,2014-08-20,113,
Impatiens capensis,3122,41.179798,-81.6381558,University of Akron Field Station,2014-08-20,44,
Dactylis glomerata,3123,41.1845101,-81.6465665,University of Akron Field Station,2014-08-20,100,
Bromus inermis,3124,41.1845101,-81.6465665,University of Akron Field Station,2014-08-20,100,
Triodanis perfoliata,3091,43.4987241,-96.5975404,Gitchie Manitou State Preserve,2014-06-25,186,
Amorpha canescens,4532,44.251607,-91.938792,Kellogg Weaver Dunes SNA,2014-10-05,82,
Schizachyrium scoparium,4533,44.24973,-91.940836,Kellogg Weaver Dunes SNA,2014-10-05,110,
Echinacea angustifolia,4534,44.195838,-95.058769,Cottonwood River Prairie,2014-09-14,9,
Helianthus annuus,3515,39.663498,-112.104576,Jericho rd.,2015-08-29,92,
Rumex crispus,3500,40.394901,-104.994076,Big Thompson Pond SNA,0201-07-18,100,
Dactylis glomerata,726,47.57886,-112.74747,Lewis and Clark National Forest,2015-08-19,96,
Bromus inermis,725,47.41542,-112.69122,Lewis and Clark National Forest,2015-08-18,100,
Bromus inermis,721,47.48779,-112.43384,Benchmark Road,2015-08-18,100,
Bromus inermis,720,46.83782,-110.96981,Lewis and Clark National Forest,2015-08-18,41,
Mimulus guttatus,679,46.87296,-110.98204,Lewis and Clark National Forest,2015-08-18,29,
Bromus inermis,718,45.93119,-110.86395,Fairy Creek Road,2015-08-17,100,
Melilotus officinalis,719,45.93119,-110.86395,Fairy Creek Road,2015-08-17,53,
Bromus inermis,717,45.88273,-110.88147,Gallatin National Forest,2015-08-17,100,
Dalea candida,687,45.64664,-104.23008,Custer National Forest,2015-08-16,50,
Echinacea angustifolia,712,45.61807,-104.16851,Custer National Forest,2015-08-16,50,
Ratibida columnifera,713,45.57526,-104.17178,Custer National Forest,2015-08-16,50,
Helianthus annuus,714,45.53763,-104.04157,Little Missouri River Road,2015-08-16,50,
Helianthus annuus,722,47.473,-112.53053,Benchmark Road,2015-08-18,53,
Mimulus guttatus,723,47.41358,-112.69725,Lewis and Clark National Forest,2015-08-18,34,
Dactylis glomerata,724,47.41386,-112.69618,Lewis and Clark National Forest,2015-08-18,81,
Dactylis glomerata,715,45.88409,-110.87788,Gallatin National Forest,2015-08-17,67,
Rumex crispus,716,45.88409,-110.87788,Gallatin National Forest,2015-08-17,36,
Rumex crispus,711,45.65129,-104.2495,Custer National Forest,2015-08-16,75,
Ratibida columnifera,709,45.65173,-104.25007,Custer National Forest,2015-08-16,100,
Echinacea angustifolia,710,45.65173,-104.25007,Custer National Forest,2015-08-16,50,
Dalea candida,708,45.56948,-105.99593,Custer National Forest,2015-08-16,84,
Echinacea angustifolia,707,45.56959,-105.99647,Custer National Forest,2015-08-16,63,
Raphanus sativus,228,36.28122,-121.85401,Andrew Molera State Park,2015-07-13,83,
Clarkia unguiculata,220,36.18012,-118.69356,"Tule River, California",2015-07-09,46,
Brassica nigra,230,36.9661,-122.12145,Wilder Ranch State Park,2015-07-30,100,
Lotus scoparius,227,36.45442,-121.91922,Garrapata State park,2015-07-14,46,
Ratibida columnifera,706,45.56959,-105.99647,Custer National Forest,2015-08-16,100,
Helianthus annuus,705,45.64319,-105.98215,Custer National Forest,2015-08-16,68,
Echinacea angustifolia,704,45.6659,-106.0083,Custer National Forest,2015-08-16,100,
Ratibida columnifera,686,45.6659,-106.0083,Custer National Forest,2015-08-16,80,
Clarkia unguiculata,692,34.98829,-118.71336,Tejon Ranch,2015-08-03,53,
Bromus inermis,694,45.4765,-111.63425,Madison River,2015-08-13,109,
Bromus inermis,695,45.5827,-111.57966,Bear Trap Canyon Road,2015-08-13,100,
Melilotus officinalis,696,45.60913,-111.56933,Bear Trap Canyon Road,2015-08-13,42,
Melilotus officinalis,674,45.1432,-110.80632,Gallatin National Forest,2015-08-14,100,
Bromus inermis,697,45.60306,-110.57433,Montana highway 89,2015-08-14,100,
Bromus inermis,698,45.0442,-110.67427,Gallatin National Forest,2015-08-14,100,
Aquilegia coerulea,699,45.08361,-110.62228,Gallatin National Forest,2015-08-14,75,
Melilotus officinalis,675,45.05058,-110.65893,Gallatin National Forest,2015-08-14,38,
Bromus inermis,700,45.08752,-109.36576,Custer National Forest,2015-08-15,100,
Bromus inermis,701,45.16983,-109.30278,Custer National Forest,2015-08-15,200,
Bromus inermis,702,45.15057,-109.34023,Custer National Forest,2015-08-15,100,
Melilotus officinalis,703,45.12445,-108.9588,Silvertip BLM Area,2015-08-15,65,
Mimulus guttatus,732,46.19335,-113.87227,Bitterroot National Forest,2015-08-21,21,
Dactylis glomerata,731,48.95102,-115.54178,Kootenai National Forest,2015-08-20,50,
Bromus inermis,730,48.95102,-115.54178,Kootenai National Forest,2015-08-20,50,
Dactylis glomerata,729,48.92889,-115.46275,Kootenai National Forest,2015-08-20,50,
Bromus inermis,728,47.04657,-112.42456,Helena National Forest,2015-08-19,50,
Rumex crispus,727,47.42896,-112.79642,Lewis and Clark National Forest,2015-08-19,50,
Bromus inermis,733,46.17015,-113.90797,Bitterroot National Forest,2015-08-21,50,
Hypericum perforatum,734,46.11238,-114.23941,Bitterroot National Forest,2015-08-21,45,
Clarkia unguiculata,804,38.50325,-122.09931,Stebbins Cold Canyon Reserve,2015-07-21,60,
Hypericum perforatum,656,38.49624,-122.10034,Stebbins Cold Canyon Reserve,2015-07-21,48,
Clarkia purpurea,688,38.49607,-122.10019,Stebbins Cold Canyon Reserve,2015-07-21,38,
Clarkia purpurea,689,38.49128,-122.14937,Quail Ridge Reserve,2015-07-22,84,
Clarkia purpurea,634,38.86014,-122.41743,McLaughlin Reserve,2015-07-22,107,
Clarkia purpurea,614,37.19304,-121.54295,Henry W. Coe State Park,2015-07-21,30,
Clarkia purpurea,690,38.85914,-122.40719,McLaughlin Reserve,2015-07-22,100,
Dactylis glomerata,691,39.74748,-123.63448,Angelo Coast Range Reserve,2015-07-23,100,
Clarkia unguiculata,650,36.37872,-121.56479,Hastings Natural History Reservation,2015-07-20,100,
Clarkia unguiculata,648,36.40568,-121.58999,Carmel Valley Road,2015-07-20,100,
Brassica nigra,649,36.58737,-121.46173,Carmel Valley Road,2015-07-20,100,
Bromus tectorum,681,47.41075,-112.71198,Lewis and Clark National Forest,2015-06-29,100,
Bromus tectorum,678,45.13241,-108.95956,Silvertip BLM Area,2015-06-26,100,
Bromus tectorum,677,45.07818,-108.96539,Silvertip BLM Area,2015-06-26,100,
Bromus tectorum,676,45.04483,-110.67328,Gallatin National Forest,2015-06-25,100,
Bromus tectorum,671,45.58675,-111.57782,Madison River,2015-06-24,100,
Bromus tectorum,669,45.44859,-111.67369,Ennis Lake BLM Area,2015-06-24,100,
Bromus tectorum,668,40.20831,-115.4885,Ruby Lake National Wildlife Refuge,2015-06-23,100,
Bromus tectorum,673,45.48286,-110.62214,Gallatin National Forest,2015-06-24,100,
Bromus tectorum,685,45.63044,-106.00128,Custer National Forest,2015-07-04,100,
Clarkia purpurea,619,33.51892,-117.25259,Santa Rosa Plateau Ecological Reserve,2015-07-10,60,
Clarkia purpurea,620,33.51046,-117.26674,Santa Rosa Plateau Ecological Reserve,2015-07-10,100,
Bromus tectorum,682,47.45266,-112.66994,Benchmark Road,2015-06-29,100,
Bromus tectorum,683,46.97449,-114.4448,Lolo National Forest,2015-07-02,100,
Bromus inermis,684,46.57599,-114.13672,Bitterroot National Forest,2015-07-02,100,
Bromus diandrus,664,39.74157,-123.63319,Angelo Coast Range Reserve,2015-06-06,100,
Bromus tectorum,665,39.74078,-123.63231,Angelo Coast Range Reserve,2015-06-06,100,
Bromus diandrus,800,33.98063,-117.29029,Box Springs Mountain Park,2015-05-05,100,
Bromus diandrus,663,38.41563,-122.57658,Annadel State Park,2015-06-05,100,
Stipa pulchra,662,38.43132,-122.62954,Annadel State Park,2015-06-04,50,
Bromus diandrus,660,38.43739,-122.61377,Annadel State Park,2015-06-04,85,
Stipa pulchra,661,38.43848,-122.62389,Annadel State Park,2015-06-04,59,
Bromus diandrus,659,38.6534,-122.5929,Robert Louis Stevenson State Park,2015-06-04,100,
Brassica nigra,658,38.51023,-122.04592,California Highway 128,2015-06-04,100,
Lupinus nanus,651,36.38494,-121.55495,Hastings Natural History Reservation,2015-05-27,73,
Rumex crispus,657,38.56227,-121.63626,Yolo State Wildlife Area,2015-06-03,100,
Lupinus nanus,623,36.68588,-121.77586,Fort Ord Natural Reserve,2015-05-27,49,
Bromus diandrus,631,38.38335,-122.14947,Quail Ridge Reserve,2015-06-03,100,
Bromus diandrus,666,34.98745,-118.71212,Tejon Ranch,2015-06-11,100,
Rumex crispus,667,35.02045,-118.754,Tejon Ranch,2015-06-11,60,
Stipa pulchra,647,34.72134,-119.96265,Los Padres National Forest,2015-05-22,42,
Eschscholzia californica,601,34.58566,-120.00217,California Highway 154,2015-05-22,64,
Lupinus nanus,652,37.075,-121.46212,Henry W. Coe State Park,2015-05-28,100,
Bromus diandrus,653,37.38496,-120.36115,University of California Merced Vernal Pools and Grassland Reserve,2015-05-29,100,
Mimulus guttatus,654,37.38473,-120.36077,University of California Merced Vernal Pools and Grassland Reserve,2015-05-29,100,
Rumex crispus,655,37.3859,-120.36292,University of California Merced Vernal Pools and Grassland Reserve,2015-05-29,30,
Eschscholzia californica,600,34.73699,-119.99502,Los Padres National Forest,2015-05-16,28,
Bromus diandrus,646,37.0651,-121.44551,Henry W. Coe State Park,2015-05-10,100,
Lupinus nanus,613,37.18498,-121.5361,Henry W. Coe State Park,2015-05-09,78,
Stipa pulchra,624,36.68552,-121.77437,Fort Ord Natural Reserve,2015-05-12,100,
Bromus diandrus,802,36.68351,-121.78911,Fort Ord Natural Reserve,2015-05-12,100,
Clarkia unguiculata,611,36.2634,-121.43086,Carmel Valley Road,2015-05-13,99,
Bromus diandrus,632,38.49616,-122.10037,Stebbins Cold Canyon Reserve,2015-05-15,100,
Stipa pulchra,57,36.38515,-121.54026,Hastings Natural History Reservation,2015-05-13,100,
Bromus diandrus,602,34.58566,-120.00217,California Highway 154,2015-05-05,100,
Bromus diandrus,643,34.6904,-120.04079,Sedgwick Reserve,2015-05-05,100,
Rumex crispus,644,34.61639,-120.06197,California Highway 154,2015-05-05,70,
Bromus diandrus,604,34.54111,-119.7944,Los Padres National Forest,2015-05-05,100,
Stipa pulchra,639,38.836055,-122.35422,McLaughlin Reserve,2015-04-29,85,
Stipa pulchra,31,38.85821,-122.40536,McLaughlin Reserve,2015-04-29,23,
Bromus diandrus,622,33.97628,-117.31061,Islander Park,2015-04-20,100,
Stipa pulchra,630,38.49762,-122.15428,Quail Ridge Reserve,2015-04-27,93,
Stipa pulchra,626,38.51851,-122.15007,Quail Ridge Reserve,2015-04-27,100,
Stipa pulchra,608,33.519,-117.25263,Santa Rosa Plateau Ecological Reserve,2015-04-17,100,
Bromus diandrus,618,33.51139,-117.26462,Santa Rosa Plateau Ecological Reserve,2015-04-17,50,
Stipa pulchra,616,36.45639,-121.92357,Garrapata State park,2015-04-10,100,
Stipa pulchra,693,37.20374,-121.54671,Henry W. Coe State Park,2015-05-02,106,
Raphanus sativus,231,36.95686,-122.10227,Wilder Ranch State Park,2015-07-29,100,
Clarkia unguiculata,221,36.26382,-118.76598,Bear Creek,2015-07-10,101,
Lotus scoparius,225,37.18706,-121.54395,Henry W. Coe State Park,2015-07-16,58,
Lotus scoparius,226,37.18738,-121.536753,Henry W. Coe State Park,2015-07-16,53,
Raphanus sativus,213,36.4547,-121.92312,Garrapata State park,2015-07-14,50,
Clarkia unguiculata,224,37.66812,-119.8075,Sierra National Forest,2015-07-17,66,
Lupinus nanus,651,36.38494,-121.55495,Hastings Natural History Reservation,2015-06-02,45,
Clarkia unguiculata,223,37.67048,-119.82811,Merced River Crossing at 49,2015-07-17,100,
Clarkia purpurea,222,37.66182,-119.84618,Sierra National Forest,2015-07-17,85,
Raphanus sativus,215,35.26079,-120.89186,Montana de Oro State Park,2015-07-08,100,
Raphanus sativus,216,35.26079,-120.89186,Montana de Oro State Park,2015-07-08,100,
Brassica rapa,229,36.96652,-122.12267,Wilder Ranch State Park,2015-07-30,100,
Rumex crispus,232,36.95686,-122.10227,Wilder Ranch State Park,2015-07-29,100,
Brassica nigra,236,36.02476,-121.17593,Fort Hunter Liggett Military Reservation,2015-06-11,100,
Eschscholzia californica,201,34.40874,-119.87894,Coal Oil Point Natural Reserve,2015-05-13,41,
Rumex crispus,204,36.00508,-121.17937,Fort Hunter Liggett Military Reservation,2015-06-11,100,
Eschscholzia californica,205,36.00555,-121.24464,Fort Hunter Liggett Military Reservation,2015-06-11,30,
Raphanus sativus,211,37.87405,-122.32316,Cesar Chavez Park,2015-06-22,62,
Bromus diandrus,607,33.51555,-117.25264,Santa Rosa Plateau Ecological Reserve,2015-05-21,100,
Brassica nigra,67,34.42204,-119.89391,Ellwood Mesa Open Space,2015-05-31,50,
Bromus diandrus,801,36.68609,-121.77672,Fort Ord Natural Reserve,2015-05-12,100,
Rumex crispus,206,36.96173,-122.07851,Wilder Ranch State Park,2015-06-12,42,
Eschscholzia californica,234,36.46951,-121.90644,Garrapata State park,2015-07-28,31,
Geranium maculatum,4094,44.02446,-91.4635,Perrot State Park,2015-06-16,50,
Triodanis perfoliata,4110,43.195169,-90.528443,Blue River Sand Barrens State Natural Area,2015-06-28,68,
Tradescantia ohiensis,4116,43.191026,-90.52886,Blue River Sand Barrens State Natural Area,2015-07-03,100,
Geranium maculatum,4095,42.617699,-91.111734,White Pine Hollow State Preserve,2015-06-17,50,
Geranium maculatum,4096,42.627991,-91.09719,White Pine Hollow State Preserve,2015-06-17,100,
Rumex crispus,4112,38.441041,-96.557599,Tallgrass Prairie National Preserve,2015-07-01,74,
Melilotus officinalis,4113,39.083896,-96.557299,Konza Prairie,2015-07-02,100,
Bromus inermis,4114,39.099891,-96.595108,Konza Prairie,2015-07-02,100,
Tradescantia ohiensis,4115,43.372032,-91.151157,Rush Creek State Natural Area,2015-07-03,100,
Bromus inermis,4120,47.360481,-100.255827,Davis Ranch,2015-07-18,100,
Bromus inermis,4121,47.542067,-100.811401,John E. Williams Preserve,2015-07-18,100,
Bromus inermis,4122,45.711106,-99.108274,"Samuel H. Ordway, Jr. Memorial Preserve",2015-07-19,100,
Bromus inermis,4123,45.722053,-99.097752,"Samuel H. Ordway, Jr. Memorial Preserve",2015-07-19,100,
Bromus inermis,4124,44.277671,-91.940498,Kellogg Weaver Dunes SNA,2015-07-22,100,
Dalea candida,4134,38.436,-96.560267,Tallgrass Prairie National Preserve,2015-08-09,100,
Dalea purpurea,4135,38.437746,-96.559969,Tallgrass Prairie National Preserve,2015-08-09,100,
Dalea candida,4136,39.079479,-96.563334,Konza Prairie,2015-08-10,100,
Dalea purpurea,4137,39.069227,-96.565375,Konza Prairie,2015-08-10,100,
Ratibida columnifera,4141,39.071123,-96.563953,Konza Prairie,2015-08-10,54,
Rudbeckia hirta,4130,38.180475,-95.261611,Anderson County Prairie,2015-08-08,100,
Dalea purpurea,4132,38.182079,-95.262145,Anderson County Prairie,2015-08-08,63,
Ratibida columnifera,4133,38.182079,-95.262145,Anderson County Prairie,2015-08-08,64,
Dalea purpurea,4138,39.088452,-96.553366,Konza Prairie,2015-08-10,100,
Dalea candida,4139,39.088452,-96.553366,Konza Prairie,2015-08-10,100,
Ratibida columnifera,4140,39.088452,-96.553366,Konza Prairie,2015-08-10,100,
Echinacea pallida,4142,46.855745,-96.472751,Bluestem Prairie SNA,2015-08-28,93,
Dalea purpurea,4143,46.855968,-96.473245,Bluestem Prairie SNA,2015-08-28,100,
Rumex crispus,3524,39.9785,-105.577431,Roosevelt National Forest,2015-09-08,100,
Rumex crispus,163,40.04447,-111.48009,Uinta National Forest,2015-08-28,100,
Melilotus officinalis,3526,39.97926,-105.57546,Roosevelt National Forest,2015-09-18,105,
Geranium carolinianum,3089,43.4987241,-96.9575404,Gitchie Manitou State Preserve,2014-06-25,100,
Geranium carolinianum,5014,34.70278,-85.33833,Crockford Pigeon Mountain WMA,2014-05-20,100,
Geranium carolinianum,5015,34.70275,-85.33731,Crockford Pigeon Mountain WMA,2014-05-20,100,
Geranium carolinianum,5015,34.70275,-85.33731,Crockford Pigeon Mountain WMA,2014-05-20,100,
Lupinus texensis,5017,32.6398,-96.96434,Cottonwood River Prairie,2014-06-08,50,
Lupinus texensis,5018,32.63812,-96.95551,Cottonwood River Prairie,2014-06-08,50,
Lupinus texensis,5019,30.50734,-97.77267,Brushy Creek Lake Park,2014-05-23,200,
Lupinus texensis,5020,30.50734,-97.77267,Brushy Creek Lake Park,2014-05-23,200,
Triodanis perfoliata,5024,34.70275,-85.33731,Crockford Pigeon Mountain WMA,2014-06-22,100,
Rumex crispus,5025,34.70275,-85.33731,Crockford Pigeon Mountain WMA,2014-06-22,50,
Triodanis perfoliata,5026,33.99105,-84.94231,Paulding Forest WMA,2014-06-22,193,
Melilotus officinalis,3523,39.756786,-110.822182,Roadside,2015-08-30,0,
Melilotus officinalis,3511,43.201752,-107.69944,Lysite Moneta Rd,2015-08-17,100,
Dactylis glomerata,3513,41.568851,-109.292831,FR225 Snowy Range Road,2015-08-31,0,
Bromus inermis,3514,41.568851,-109.292831,FR225 Snowy Range Road,2015-08-31,100,
Rudbeckia hirta,3516,39.938465,-105.523392,Aspen Roadside,2015-08-06,100,
Melilotus officinalis,3517,43.628021,-107.405251,South/North Nowood Canyon,2015-08-17,101,
Bouteloua gracilis,3518,44.183395,-106.773745,Muddy Guard #1,2015-08-18,161,
Dactylis glomerata,3400,41.114355,-81.80339167,Blue Heron,2015-09-09,79,
Ambrosia artemisiifolia,3401,41.1148611,-81.806111,Blue Heron,2015-09-09,100,
Melilotus officinalis,3402,41.1145278,-81.8068056,Blue Heron,2015-09-10,100,
Asclepias incarnata,3403,41.1148506,-81.803,Blue Heron,2015-09-10,28,
Impatiens capensis,3404,41.12089,-81.806833,Blue Heron,2015-09-14,51,
Melilotus officinalis,3519,39.933979,-111.211571,Uinta National Forest,2015-08-30,100,
Rudbeckia hirta,3520,40.242191,-104.77375,Rancho roadside,2015-09-07,100,
Melilotus officinalis,3521,35.034958,-106.350372,Cedro,2015-07-27,73,
Helianthus annuus,3522,39.48434,-110.89365,Highway 122,2015-08-29,125,
Ratibida pinnata,4131,38.182462,-95.261728,Anderson County Prairie,2015-08-08,88,
Tradescantia ohiensis,4111,38.182966,-95.268112,Anderson County Prairie,2015-06-30,100,
Bouteloua curtipendula,4056,37.1466,-103.00281,Comanche National Grassland,2014-08-10,100,
Melilotus officinalis,4060,43.51253,-105.0153,Thunder Basin National Grassland,2014-08-12,100,
Helianthus annuus,4061,43.27616,-105.17392,Thunder Basin National Grassland,2014-08-12,200,
Bromus inermis,124,40.64357,-104.33925,Pawnee National Grassland,2014-08-11,100,
Melilotus officinalis,125,40.64466,-104.34137,Pawnee National Grassland,2014-08-11,100,
Melilotus officinalis,126,40.64795,-104.38322,Pawnee National Grassland,2014-08-11,100,
Helianthus annuus,3057,46.377883,-105.85265,Fort Keogh Livestock & Range Research Lab,2013-10-30,200,
Helianthus annuus,3058,46.3526217,-105.9024333,Fort Keogh Livestock & Range Research Lab,2013-11-05,200,
Sorghastrum nutans,3064,36.2449127,-93.1324535,Baker Prairie,2013-10-26,100,